machine_id,machine_age,usage_intensity,operating_temp,load_factor,rpm,vibration_level,oil_quality,maintenance_count,environment,manufacturer,observed_time,event_observed
M0001,5.62,0.78,75.7,0.77,1930,4.24,0.648,10,outdoor,A,111.39,1
M0002,14.26,1.31,74.82,0.86,2514,4.998,0.172,16,outdoor,A,68.56,1
M0003,10.98,1.81,114.38,0.48,2400,8.618,0.872,4,indoor,C,49.03,1
M0004,8.98,1.6,74.97,0.74,885,3.73,0.613,6,harsh,A,88.65,1
M0005,2.34,1.71,76.32,0.7,873,8.762,0.157,18,indoor,B,205.67,1
M0006,2.34,1.49,105.56,0.88,1170,1.337,0.962,14,harsh,B,69.69,1
M0007,0.87,1.54,86.98,0.93,1403,7.88,0.518,2,outdoor,B,79.77,0
M0008,12.99,1.77,106.6,0.31,1521,8.552,0.073,14,indoor,B,28.99,1
M0009,9.02,0.87,63.92,0.77,2199,2.227,0.627,4,harsh,B,37.09,1
M0010,10.62,1.23,89.25,0.34,642,4.588,0.253,11,indoor,A,106.6,1
M0011,0.31,0.83,62.02,0.68,587,2.072,0.804,19,outdoor,B,20.9,1
M0012,14.55,1.98,63.76,0.5,1480,7.213,0.818,4,outdoor,C,36.82,1
M0013,12.49,1.92,114.39,0.51,2243,5.586,0.979,2,indoor,A,80.27,1
M0014,3.19,0.56,68.35,0.55,984,6.536,0.502,8,outdoor,A,14.94,1
M0015,2.73,1.56,91.95,0.73,2104,2.367,0.455,8,outdoor,B,54.39,1
M0016,2.75,1.89,84.67,0.53,1150,2.512,0.753,6,outdoor,B,85.05,1
M0017,4.56,0.77,80.84,0.81,2715,0.894,0.132,1,indoor,B,108.78,1
M0018,7.87,1.35,113.99,0.58,2739,3.56,0.547,20,harsh,A,124.99,1
M0019,6.48,1.87,61.31,0.35,1243,5.818,0.546,15,indoor,B,126.66,1
M0020,4.37,0.55,99.83,0.85,1075,8.65,0.089,8,indoor,A,88.32,1
M0021,9.18,1.55,117.8,0.5,1528,6.836,0.418,12,indoor,B,83.93,0
M0022,2.09,0.95,93.61,0.6,1101,4.636,0.853,18,indoor,C,134.02,1
M0023,4.38,1.89,116.21,0.78,2181,9.555,0.856,19,indoor,A,50.19,1
M0024,5.5,1.96,63.14,0.53,2565,7.333,0.099,16,harsh,B,28.21,1
M0025,6.84,1.92,85.13,0.34,2183,9.337,0.091,5,indoor,C,85.23,1
M0026,11.78,1.21,75.61,0.56,2561,5.512,0.263,3,indoor,B,90.79,1
M0027,3.0,1.79,103.85,0.96,1492,2.96,0.875,0,indoor,C,81.0,0
M0028,7.71,1.77,118.88,0.75,891,1.002,0.129,17,outdoor,B,113.91,1
M0029,8.89,0.98,75.39,0.77,2345,7.398,0.72,18,harsh,C,60.12,1
M0030,0.7,1.74,99.25,0.74,1401,1.652,0.101,8,indoor,A,279.66,1
M0031,9.11,0.56,71.89,0.44,2178,3.376,0.623,12,indoor,A,119.92,1
M0032,2.56,1.39,93.92,0.59,1177,5.558,0.356,7,indoor,A,43.53,1
M0033,0.98,0.85,87.84,0.83,703,5.862,0.789,12,indoor,B,167.19,1
M0034,14.23,0.68,118.32,0.37,2981,6.206,0.234,14,indoor,C,42.31,1
M0035,14.48,0.62,96.51,0.49,891,2.079,0.639,10,outdoor,A,129.92,1
M0036,12.13,1.54,80.97,0.49,2971,4.108,0.236,11,indoor,B,184.38,1
M0037,4.57,1.01,66.85,0.6,2943,6.363,0.714,13,outdoor,B,108.65,1
M0038,1.47,1.59,69.07,0.99,2485,9.713,0.874,3,indoor,B,95.39,1
M0039,10.26,0.6,73.52,0.35,2149,7.412,0.127,0,harsh,A,58.49,1
M0040,6.6,0.97,75.06,0.66,1945,9.265,0.867,3,harsh,B,43.84,1
M0041,1.83,1.31,111.04,0.43,2665,7.741,0.594,18,outdoor,A,66.37,1
M0042,7.43,1.69,93.67,0.98,1224,6.121,0.127,8,indoor,A,115.87,1
M0043,0.52,0.98,91.4,0.38,1669,2.324,0.428,9,indoor,C,69.33,0
M0044,13.64,1.44,66.89,0.58,2048,6.834,0.161,3,outdoor,A,99.83,1
M0045,3.88,1.83,111.61,0.82,1528,6.422,0.7,19,outdoor,A,47.41,1
M0046,9.94,1.42,103.37,0.79,1569,6.223,0.759,8,outdoor,C,56.34,1
M0047,4.68,0.85,64.06,0.6,1326,5.153,0.106,12,harsh,A,122.07,1
M0048,7.8,0.54,102.47,0.54,1911,5.522,0.506,11,harsh,B,56.72,1
M0049,8.2,1.81,92.61,0.58,2626,3.677,0.815,10,indoor,A,99.53,1
M0050,2.77,0.53,64.9,0.48,1004,5.433,0.936,11,outdoor,A,156.68,1
M0051,14.54,1.81,87.5,0.44,2836,2.377,0.514,17,indoor,A,121.63,1
M0052,11.63,1.29,89.08,0.64,2223,8.149,0.95,11,indoor,A,77.08,1
M0053,14.09,1.91,69.95,0.49,2558,2.265,0.536,15,outdoor,B,92.57,0
M0054,13.42,1.7,116.74,0.5,1890,1.307,0.394,4,indoor,B,39.83,1
M0055,8.97,2.0,111.0,0.76,2449,4.644,0.848,19,harsh,B,139.4,0
M0056,13.83,1.03,100.14,0.98,541,6.754,0.493,11,indoor,C,29.77,1
M0057,1.33,1.65,87.74,0.72,2546,4.658,0.472,20,outdoor,A,14.25,1
M0058,2.94,1.1,84.71,0.35,600,3.129,0.49,10,outdoor,B,167.79,1
M0059,0.68,1.22,99.06,0.35,2725,5.803,0.847,8,outdoor,B,48.31,1
M0060,4.88,1.44,92.73,0.97,2980,3.797,0.832,17,indoor,C,105.82,1
M0061,5.83,1.81,63.74,0.51,1235,9.362,0.404,2,harsh,A,96.84,1
M0062,4.07,1.98,90.75,0.36,1026,9.265,0.333,19,outdoor,B,133.83,1
M0063,12.43,1.65,108.38,0.72,2413,5.273,0.492,16,outdoor,C,149.64,1
M0064,5.35,1.13,87.55,0.74,1133,3.615,0.573,13,indoor,A,80.65,1
M0065,4.21,1.13,63.12,0.75,2664,7.503,0.238,0,outdoor,C,83.74,1
M0066,8.14,1.61,107.18,0.49,757,0.849,0.794,16,harsh,A,30.1,1
M0067,2.11,0.86,72.08,0.31,815,5.01,0.486,7,outdoor,B,81.28,1
M0068,12.03,0.67,75.52,0.98,2948,3.695,0.334,4,harsh,C,77.34,1
M0069,1.12,1.03,69.88,0.48,2185,9.245,0.107,4,outdoor,B,64.57,1
M0070,14.8,0.93,79.81,0.77,2617,0.614,0.239,8,indoor,B,103.97,1
M0071,11.58,0.94,105.41,0.79,1311,5.752,0.949,2,indoor,A,68.77,0
M0072,2.98,0.85,91.16,0.73,2191,7.536,0.305,18,indoor,C,100.32,1
M0073,0.08,0.56,72.29,0.52,1986,5.108,0.169,8,outdoor,B,181.24,0
M0074,12.23,0.53,112.67,0.49,2008,1.311,0.461,17,outdoor,A,25.78,1
M0075,10.6,1.98,112.77,0.72,2206,9.738,0.307,15,indoor,B,82.37,1
M0076,10.94,1.14,112.23,0.91,1938,5.421,0.035,0,outdoor,B,109.46,1
M0077,11.57,1.08,74.33,0.96,1573,6.335,0.323,1,outdoor,A,76.93,1
M0078,1.11,1.52,87.07,0.37,1190,2.748,0.544,13,outdoor,A,35.64,1
M0079,5.38,0.83,119.1,0.41,2421,5.093,0.552,13,indoor,A,97.05,0
M0080,1.74,1.92,106.32,0.96,1066,4.577,0.357,0,indoor,B,64.52,1
M0081,12.95,1.68,61.63,0.82,2231,1.212,0.447,15,indoor,B,49.38,1
M0082,9.35,0.63,63.91,0.92,1083,1.509,0.966,14,indoor,B,187.6,1
M0083,4.96,1.13,87.84,0.44,2063,8.456,0.377,14,indoor,C,78.81,1
M0084,0.95,1.82,114.55,0.71,2368,2.778,0.258,11,indoor,C,87.85,0
M0085,4.66,1.92,92.32,0.79,1047,2.352,0.243,15,outdoor,B,134.09,1
M0086,4.88,1.2,89.87,0.78,650,5.297,0.458,13,indoor,A,80.03,0
M0087,10.94,1.42,66.33,0.59,827,7.803,0.76,14,harsh,B,5.19,1
M0088,9.56,0.75,99.41,0.31,2015,1.088,0.206,14,indoor,B,63.54,0
M0089,13.31,1.99,109.33,0.71,2624,5.98,0.709,18,indoor,B,43.45,1
M0090,7.08,0.85,82.83,0.48,612,1.632,0.021,7,indoor,B,204.26,1
M0091,1.79,1.91,106.54,0.62,2335,0.846,0.419,1,indoor,A,51.48,1
M0092,10.7,1.47,117.87,0.97,1353,1.001,0.776,1,harsh,C,30.05,1
M0093,11.41,1.41,72.23,0.58,1696,8.425,0.339,9,indoor,A,97.12,1
M0094,8.42,1.27,91.4,0.89,2822,1.621,0.564,2,harsh,B,36.72,1
M0095,11.56,0.85,77.23,0.43,1330,0.929,0.205,16,harsh,A,46.97,1
M0096,7.41,0.76,107.57,0.77,1663,4.66,0.742,7,outdoor,C,70.11,1
M0097,7.84,0.83,94.66,0.98,534,8.518,0.052,3,outdoor,A,29.48,1
M0098,6.41,0.78,98.07,0.37,704,2.993,0.853,13,outdoor,A,28.68,1
M0099,0.38,1.67,107.87,0.31,1146,4.506,0.198,20,indoor,A,96.78,1
M0100,1.62,1.03,83.76,0.6,570,0.879,0.874,9,outdoor,A,85.08,0
M0101,0.47,0.59,114.91,0.36,2078,4.766,0.353,0,indoor,A,106.28,1
M0102,9.55,1.95,91.98,0.82,1566,5.987,0.723,3,indoor,B,69.85,1
M0103,4.72,1.83,69.48,0.94,1870,5.924,0.319,0,outdoor,B,78.27,0
M0104,7.63,1.89,101.75,0.6,937,3.658,0.906,16,outdoor,A,70.65,1
M0105,13.61,1.99,107.6,0.48,1240,3.498,0.127,16,harsh,A,124.03,1
M0106,3.74,0.76,79.01,0.6,2160,1.513,0.179,6,indoor,C,25.36,1
M0107,6.16,1.09,111.43,0.81,2913,3.985,0.493,19,harsh,B,74.83,1
M0108,11.33,1.64,114.37,0.31,626,1.445,0.082,14,indoor,B,69.42,0
M0109,3.43,1.54,76.61,0.71,2726,7.783,0.196,12,indoor,B,140.08,1
M0110,1.15,0.73,119.01,0.73,1942,9.68,0.944,1,indoor,A,46.3,1
M0111,4.35,1.72,68.44,0.75,1910,9.716,0.976,18,outdoor,A,62.27,1
M0112,2.42,0.84,72.12,0.47,1751,8.718,0.376,12,indoor,A,151.12,1
M0113,13.95,0.84,71.05,0.8,673,6.208,0.923,10,outdoor,C,23.05,1
M0114,12.12,1.31,113.64,0.36,725,7.158,0.545,14,harsh,C,69.76,1
M0115,9.5,1.39,99.26,0.44,2002,3.209,0.27,9,outdoor,B,101.82,1
M0116,13.07,1.37,69.13,0.91,1352,6.492,0.702,8,outdoor,A,111.64,1
M0117,12.06,0.64,86.42,0.82,2793,4.829,0.659,8,harsh,A,23.85,1
M0118,2.8,1.82,96.92,0.31,1516,5.079,0.989,19,outdoor,A,73.16,0
M0119,13.39,0.9,65.01,0.47,858,7.699,0.265,0,outdoor,B,94.16,1
M0120,8.09,0.69,112.94,0.45,2287,3.178,0.672,16,indoor,A,94.75,0
M0121,12.11,1.83,108.22,0.49,1233,3.521,0.052,11,harsh,C,11.43,1
M0122,13.44,1.93,90.31,0.47,1814,9.284,0.114,9,outdoor,A,13.26,1
M0123,4.77,1.79,118.03,0.34,2245,1.034,0.004,4,indoor,C,59.42,1
M0124,1.65,1.71,85.07,0.62,2751,5.114,0.999,17,indoor,C,38.59,1
M0125,3.42,1.48,119.05,0.81,2480,9.172,0.802,14,harsh,C,46.14,1
M0126,6.41,1.33,100.08,0.72,2191,6.298,0.787,5,indoor,B,153.52,1
M0127,12.27,0.63,98.08,0.77,2199,5.691,0.51,6,harsh,B,44.82,1
M0128,12.91,1.11,69.96,0.36,2865,2.873,0.3,16,indoor,B,160.99,1
M0129,0.1,1.06,112.92,0.97,1240,3.761,0.151,5,outdoor,B,1.49,1
M0130,7.66,0.89,85.65,0.89,503,8.594,0.285,7,indoor,B,46.29,1
M0131,6.26,1.59,69.73,0.86,1180,5.813,0.376,11,outdoor,C,14.64,1
M0132,3.33,1.24,60.76,0.88,1045,5.39,0.756,20,harsh,B,52.0,0
M0133,1.8,0.62,93.59,0.95,2155,1.446,0.54,13,outdoor,C,142.58,1
M0134,5.06,0.83,91.64,0.68,2084,0.652,0.077,11,outdoor,C,28.99,1
M0135,14.14,1.52,103.16,0.44,1984,9.655,0.018,9,indoor,A,95.76,1
M0136,4.85,0.61,113.42,0.73,541,4.081,0.102,19,indoor,A,110.37,1
M0137,7.78,1.78,64.76,0.82,2322,6.231,0.41,14,indoor,B,76.85,0
M0138,10.55,1.24,103.89,0.82,1309,1.257,0.933,6,outdoor,B,32.13,1
M0139,5.45,1.22,71.24,0.67,2163,6.99,0.637,8,indoor,C,44.78,1
M0140,14.58,1.39,111.49,0.35,1891,9.359,0.802,9,indoor,B,14.94,1
M0141,14.44,1.74,109.14,0.56,1357,5.969,0.466,9,outdoor,B,59.22,1
M0142,3.78,1.02,92.45,0.94,836,1.698,0.362,15,outdoor,B,65.29,1
M0143,7.46,1.52,102.61,0.71,736,6.026,0.108,6,outdoor,A,139.59,1
M0144,4.51,1.35,78.86,0.68,2579,7.78,0.876,4,indoor,B,96.7,1
M0145,4.27,0.9,88.27,0.49,2796,4.361,0.783,2,indoor,C,58.88,0
M0146,0.55,1.82,109.3,0.56,2124,8.858,0.168,17,harsh,A,66.58,1
M0147,9.14,1.7,87.56,0.93,759,6.662,0.512,10,indoor,B,32.46,1
M0148,7.54,1.49,81.47,0.77,1505,9.043,0.487,14,harsh,B,52.83,1
M0149,0.77,1.78,89.65,0.85,2322,6.423,0.625,20,harsh,A,197.1,0
M0150,4.18,1.8,109.69,0.62,2450,1.747,0.946,19,outdoor,A,143.76,1
M0151,13.62,1.56,80.11,0.74,796,3.442,0.58,4,indoor,C,130.11,1
M0152,3.59,1.76,70.43,0.47,500,2.417,0.54,11,harsh,A,129.2,1
M0153,2.17,1.55,102.72,0.79,2280,9.134,0.05,3,outdoor,A,29.73,1
M0154,7.34,1.52,109.56,0.6,1391,7.724,0.063,14,outdoor,A,49.14,1
M0155,14.78,1.43,66.04,0.61,1136,6.926,0.187,8,indoor,B,5.88,1
M0156,3.63,1.63,74.39,0.75,532,3.359,0.032,6,indoor,B,76.3,1
M0157,10.08,0.74,68.52,0.96,1851,2.248,0.743,9,indoor,B,40.71,1
M0158,11.42,1.82,80.88,0.34,2628,7.686,0.723,12,outdoor,A,73.47,1
M0159,3.56,1.81,87.02,0.88,2894,5.005,0.136,7,outdoor,C,78.96,1
M0160,10.92,0.54,104.93,0.5,1914,2.645,0.836,11,indoor,A,59.03,0
M0161,5.52,1.74,99.07,0.61,1786,6.358,0.155,18,outdoor,A,57.1,0
M0162,9.48,0.69,97.26,0.32,713,0.883,0.301,0,indoor,B,192.43,1
M0163,9.5,1.0,81.14,0.51,1872,3.599,0.249,15,outdoor,A,26.94,1
M0164,8.04,1.62,110.49,0.65,1450,4.951,0.372,16,harsh,C,6.37,1
M0165,1.35,0.74,88.28,0.34,2018,1.906,0.255,17,indoor,C,124.9,1
M0166,12.53,1.73,118.75,0.64,1472,9.854,0.489,10,indoor,A,55.87,1
M0167,4.81,1.75,98.05,0.95,1101,2.486,0.407,17,indoor,C,54.78,1
M0168,2.8,1.26,67.58,0.37,737,1.738,0.987,6,outdoor,C,60.91,1
M0169,0.61,0.51,100.57,0.84,1287,2.434,0.056,17,outdoor,C,56.48,1
M0170,8.86,0.93,79.51,0.59,742,7.806,0.142,7,harsh,A,67.67,1
M0171,10.16,1.43,101.18,0.76,942,4.542,0.053,5,indoor,B,78.17,1
M0172,0.25,1.97,64.18,0.48,2968,5.871,0.626,6,harsh,A,68.92,1
M0173,7.68,1.45,70.49,0.41,1610,0.7,0.055,9,indoor,C,114.64,1
M0174,3.4,0.89,111.34,0.41,1830,0.827,0.836,10,outdoor,A,78.42,1
M0175,9.68,1.45,73.63,0.35,2684,4.735,0.512,12,indoor,B,59.33,1
M0176,2.62,1.31,110.22,0.43,2989,8.258,0.527,8,harsh,A,29.65,1
M0177,10.36,1.67,76.76,0.76,1957,8.91,0.562,6,outdoor,A,59.1,1
M0178,5.8,0.66,98.57,0.92,2531,1.324,0.171,8,outdoor,B,114.63,1
M0179,14.05,1.64,101.65,0.87,1317,5.614,0.198,12,harsh,C,62.99,1
M0180,2.06,1.31,90.76,0.78,1264,9.176,0.319,2,indoor,B,107.24,1
M0181,5.12,1.94,78.32,0.38,1507,4.186,0.593,2,indoor,C,46.68,1
M0182,1.7,1.01,72.76,0.5,2181,8.381,0.21,0,harsh,A,73.65,1
M0183,13.87,1.45,61.99,0.52,2205,1.77,0.116,20,indoor,B,118.13,1
M0184,13.16,1.9,78.24,0.47,1288,9.386,0.97,19,indoor,B,82.35,1
M0185,3.87,0.65,99.19,0.66,833,7.639,0.022,1,outdoor,A,90.38,1
M0186,9.9,1.91,116.3,0.67,2081,9.443,0.803,2,outdoor,B,57.19,1
M0187,12.26,1.53,112.27,0.55,821,6.928,0.788,14,indoor,B,88.73,1
M0188,8.33,0.6,105.96,0.55,1946,3.952,0.297,5,indoor,B,102.33,0
M0189,7.94,0.95,107.31,0.88,2234,9.413,0.136,12,indoor,B,32.92,1
M0190,3.63,1.56,99.9,0.85,2252,3.118,0.146,20,outdoor,B,121.48,1
M0191,1.4,0.6,75.62,0.52,2384,3.656,0.697,0,harsh,A,32.69,1
M0192,13.46,1.37,114.43,0.94,2682,7.158,0.643,19,harsh,A,17.48,1
M0193,13.51,1.02,100.24,0.97,1750,7.771,0.783,18,outdoor,B,161.92,1
M0194,9.5,1.43,93.63,0.53,2326,9.329,0.937,0,indoor,A,136.32,0
M0195,5.09,0.57,66.66,0.55,2048,2.446,0.692,20,harsh,A,26.72,1
M0196,5.24,1.81,86.82,0.65,967,8.081,0.156,1,outdoor,B,65.42,1
M0197,10.89,1.96,87.62,0.96,564,7.516,0.243,14,indoor,B,47.25,1
M0198,13.46,1.95,111.87,0.91,1211,1.106,0.842,13,harsh,A,59.22,1
M0199,13.31,1.62,92.8,0.37,1608,4.179,0.209,18,outdoor,B,124.57,1
M0200,11.7,0.7,82.82,0.57,2043,3.186,0.073,10,outdoor,B,169.66,1
M0201,9.63,1.64,118.61,0.69,2625,3.393,0.703,14,outdoor,A,92.17,1
M0202,1.26,0.54,66.64,0.65,991,9.838,0.403,5,indoor,C,66.15,1
M0203,2.42,0.53,85.35,0.44,814,6.606,0.92,19,indoor,B,129.63,1
M0204,13.48,0.99,62.52,0.9,2909,7.318,0.65,8,outdoor,B,51.9,1
M0205,9.1,1.23,104.39,0.77,770,9.778,0.09,4,indoor,B,146.16,1
M0206,0.14,1.66,115.08,0.89,1696,4.083,0.948,19,outdoor,A,154.96,0
M0207,1.52,1.52,76.8,0.9,1964,8.117,0.259,1,outdoor,B,80.18,1
M0208,9.95,1.17,111.5,0.82,1853,4.628,0.337,5,outdoor,A,57.1,1
M0209,0.08,0.91,77.53,0.61,715,8.761,0.402,17,outdoor,C,55.53,1
M0210,2.41,2.0,114.65,0.73,643,2.216,0.051,18,outdoor,C,16.16,1
M0211,8.23,1.14,105.24,0.41,764,9.503,0.497,8,harsh,B,83.25,1
M0212,10.38,1.18,108.29,0.77,1964,2.578,0.123,20,outdoor,A,83.27,1
M0213,9.78,0.75,61.08,0.43,1861,3.599,0.401,5,indoor,A,83.89,1
M0214,3.36,1.69,117.77,0.79,1084,7.684,0.351,13,indoor,A,90.59,1
M0215,10.68,1.54,103.6,0.46,2094,4.241,0.773,12,indoor,B,131.4,1
M0216,3.56,0.83,78.29,0.38,2550,6.278,0.803,10,indoor,A,46.67,1
M0217,4.88,0.62,109.76,0.42,604,4.723,0.153,11,indoor,B,167.43,1
M0218,11.2,1.52,76.89,0.3,1745,7.553,0.367,18,indoor,A,185.71,1
M0219,9.74,1.48,112.37,0.8,2223,2.669,0.373,18,outdoor,C,129.59,1
M0220,12.74,0.91,66.75,0.81,1131,1.055,0.151,20,harsh,A,72.48,1
M0221,9.86,1.93,102.22,0.66,1269,3.349,0.798,18,indoor,C,44.84,1
M0222,8.52,0.73,92.44,0.41,2034,5.006,0.707,12,outdoor,C,53.83,1
M0223,1.41,1.15,65.79,0.36,2745,2.096,0.19,13,outdoor,B,76.25,1
M0224,5.52,1.92,74.51,0.31,2525,3.871,0.367,17,indoor,B,53.47,1
M0225,3.98,1.13,60.74,0.42,1958,4.3,0.106,11,harsh,B,84.09,1
M0226,3.66,1.46,88.13,0.92,2326,1.045,0.628,3,outdoor,B,68.32,0
M0227,14.6,1.1,78.08,0.47,1412,6.041,0.121,9,indoor,A,166.75,1
M0228,5.9,0.91,95.9,0.55,2102,8.901,0.986,16,outdoor,A,17.93,1
M0229,13.38,1.98,77.83,0.37,1665,1.942,0.781,3,indoor,B,103.94,1
M0230,9.47,1.11,78.0,0.46,975,6.179,0.39,11,outdoor,B,117.36,1
M0231,11.92,1.84,104.59,0.66,2254,6.815,0.579,12,indoor,B,110.34,1
M0232,7.54,0.84,62.89,0.73,1891,4.484,0.911,3,harsh,A,121.11,1
M0233,8.65,0.82,114.17,0.47,1397,7.16,0.554,9,outdoor,A,107.28,1
M0234,7.39,0.55,111.14,0.34,2778,4.402,0.174,2,outdoor,A,153.0,1
M0235,2.93,1.48,100.07,0.57,552,5.294,0.379,14,indoor,A,84.98,1
M0236,10.84,1.05,95.59,0.46,1289,0.57,0.843,1,outdoor,A,84.77,1
M0237,4.21,1.8,113.54,0.45,642,7.071,0.644,16,outdoor,A,12.09,1
M0238,0.36,1.21,71.12,0.97,2416,6.783,0.651,5,outdoor,A,8.86,1
M0239,9.68,1.95,64.74,0.73,2255,0.865,0.867,7,outdoor,C,41.94,1
M0240,2.66,0.78,74.37,0.69,1328,3.998,0.894,2,outdoor,A,37.07,1
M0241,14.11,1.8,107.67,0.59,2189,9.801,0.92,17,harsh,B,31.33,1
M0242,14.31,1.66,62.08,0.6,1490,4.497,0.095,0,outdoor,A,42.98,1
M0243,13.72,1.66,94.97,0.68,2391,5.268,0.544,15,harsh,C,9.06,1
M0244,5.55,1.77,119.73,0.79,1635,9.144,0.741,6,harsh,B,89.35,1
M0245,0.23,1.64,111.34,0.79,1531,7.314,0.757,2,outdoor,A,8.34,1
M0246,13.92,1.44,91.29,0.42,2837,6.03,0.607,3,indoor,B,104.16,1
M0247,6.42,0.7,63.82,0.65,1127,8.079,0.167,8,outdoor,A,46.12,1
M0248,14.5,0.55,109.88,0.59,801,8.711,0.797,4,harsh,B,92.15,1
M0249,14.45,1.88,95.94,0.91,1961,4.84,0.72,18,indoor,A,164.55,1
M0250,12.8,1.42,66.9,0.74,2923,5.014,0.086,14,outdoor,C,79.48,1
M0251,4.42,1.69,65.63,0.67,1445,4.167,0.464,7,harsh,B,55.42,0
M0252,5.78,1.22,114.58,0.38,655,9.684,0.174,5,indoor,A,7.9,1
M0253,12.77,0.68,100.15,0.72,1348,7.123,0.337,17,outdoor,B,50.86,0
M0254,4.75,0.69,109.76,0.38,1765,1.291,0.018,18,indoor,A,195.5,0
M0255,2.54,1.53,112.74,0.54,905,8.698,0.4,14,indoor,C,132.68,1
M0256,8.35,1.15,94.31,0.4,2145,5.065,0.55,6,outdoor,B,90.9,1
M0257,14.04,0.8,91.05,0.78,2994,1.153,0.62,9,indoor,B,67.86,1
M0258,10.44,1.24,85.83,0.44,1629,5.722,0.663,5,indoor,A,169.78,1
M0259,8.55,0.6,79.02,0.57,1387,4.463,0.836,13,harsh,C,38.66,1
M0260,1.46,1.37,86.08,0.93,1502,8.839,0.215,16,indoor,B,105.63,1
M0261,9.23,0.9,106.43,0.44,788,2.438,0.12,8,harsh,A,26.77,1
M0262,14.85,1.7,96.12,0.66,2708,8.351,0.852,18,harsh,A,105.64,1
M0263,2.1,0.97,113.55,0.59,1537,5.798,0.157,4,indoor,A,45.74,1
M0264,7.77,1.18,86.6,0.31,1468,1.019,0.975,6,indoor,C,49.16,1
M0265,13.16,0.52,96.43,0.85,2149,9.733,0.843,18,outdoor,A,83.65,1
M0266,11.11,0.61,97.88,0.35,1605,5.37,0.501,19,outdoor,B,117.79,1
M0267,10.46,1.09,95.5,0.63,2121,3.263,0.981,6,indoor,A,110.94,1
M0268,10.54,1.22,102.16,0.69,654,4.959,0.097,1,outdoor,A,48.74,1
M0269,5.39,1.4,74.25,0.74,2534,8.65,0.303,15,indoor,B,3.38,1
M0270,4.4,0.94,90.74,0.78,2851,3.397,0.638,12,harsh,C,73.86,1
M0271,12.14,1.54,66.25,0.48,2122,2.33,0.35,7,indoor,B,108.39,0
M0272,12.15,1.79,83.07,0.31,2886,1.726,0.928,5,indoor,C,58.08,0
M0273,13.01,1.67,89.26,0.81,879,3.33,0.066,5,indoor,B,81.66,1
M0274,13.7,0.56,99.13,0.67,1694,7.91,0.549,8,harsh,A,105.98,1
M0275,7.67,1.22,117.03,0.89,2005,4.98,0.591,3,outdoor,A,64.15,1
M0276,7.52,0.66,96.04,0.87,1954,2.661,0.653,10,harsh,B,63.78,1
M0277,11.97,0.86,104.62,0.89,1504,2.079,0.256,4,indoor,C,69.3,1
M0278,9.75,1.98,90.38,0.64,1345,3.661,0.365,16,indoor,C,71.91,1
M0279,10.53,0.71,98.05,0.53,817,9.429,0.844,19,indoor,A,145.54,1
M0280,11.94,1.25,64.26,0.85,1479,3.759,0.195,6,outdoor,A,92.67,1
M0281,13.35,1.43,75.26,0.62,907,9.887,0.827,14,outdoor,A,59.03,1
M0282,5.07,1.55,81.71,0.43,2336,5.11,0.563,14,outdoor,C,44.53,1
M0283,5.63,1.34,88.35,0.9,1022,2.202,0.762,13,indoor,C,20.11,1
M0284,1.41,0.51,62.74,0.92,646,8.966,0.714,12,harsh,C,66.5,1
M0285,8.67,0.99,68.4,0.63,1881,4.873,0.208,10,indoor,A,67.53,1
M0286,0.54,1.28,76.61,0.35,1988,7.242,0.569,12,harsh,B,31.46,1
M0287,6.98,0.63,118.29,0.57,2680,9.845,0.868,8,indoor,B,81.88,0
M0288,8.14,1.03,79.88,0.86,1942,0.977,0.432,9,outdoor,A,67.19,0
M0289,4.3,0.55,88.92,0.93,1364,1.419,0.967,3,indoor,B,141.11,1
M0290,8.86,0.62,71.77,0.44,2508,7.344,0.452,16,outdoor,A,91.98,1
M0291,0.46,1.1,96.65,0.35,1851,3.177,0.143,13,outdoor,A,183.32,1
M0292,0.56,0.7,76.84,0.91,698,2.251,0.389,17,outdoor,C,143.68,0
M0293,12.34,1.35,72.42,0.57,1915,0.874,0.952,10,outdoor,C,104.9,1
M0294,5.4,1.53,90.99,0.68,2770,0.708,0.32,15,outdoor,B,103.29,1
M0295,1.91,1.7,60.33,0.98,1491,7.858,0.868,0,outdoor,B,54.76,1
M0296,7.83,0.8,60.46,0.35,1241,1.777,0.881,6,harsh,A,155.08,0
M0297,11.55,0.75,73.14,0.75,859,4.943,0.35,9,indoor,B,66.22,1
M0298,3.24,0.66,62.2,0.35,879,6.256,0.083,8,outdoor,C,46.03,1
M0299,9.34,1.45,66.48,0.56,1582,4.569,0.725,2,outdoor,C,58.31,1
M0300,1.28,1.56,80.33,0.86,1989,0.758,0.312,13,indoor,B,32.51,1
M0301,0.78,0.55,108.16,0.6,702,7.943,0.783,14,outdoor,A,217.57,1
M0302,7.97,1.9,94.32,1.0,2849,0.6,0.443,1,indoor,A,103.99,1
M0303,8.11,0.58,90.76,0.69,2388,7.738,0.485,13,indoor,B,95.93,1
M0304,9.56,1.31,77.61,0.52,1967,8.986,0.778,15,indoor,A,120.05,1
M0305,10.89,1.56,115.91,0.45,2571,4.612,0.382,6,indoor,C,63.45,1
M0306,14.64,1.81,83.82,0.55,700,5.588,0.443,3,outdoor,A,16.62,1
M0307,7.74,1.57,65.23,0.56,1692,5.031,0.376,17,outdoor,A,114.69,1
M0308,4.84,1.7,97.02,0.35,2075,4.197,0.367,4,harsh,A,84.63,1
M0309,11.93,1.01,66.83,0.56,2572,8.931,0.526,5,outdoor,C,50.95,1
M0310,4.06,1.72,80.71,0.62,2459,8.992,0.809,6,indoor,A,130.06,1
M0311,6.58,0.62,90.44,0.81,1193,3.69,0.362,14,harsh,B,41.33,1
M0312,1.18,1.84,112.45,0.76,2852,6.343,0.524,0,harsh,B,29.83,1
M0313,0.38,1.32,89.61,0.8,811,9.306,0.671,3,outdoor,A,41.8,1
M0314,14.44,1.73,102.14,0.31,2688,9.64,0.269,0,outdoor,B,47.18,1
M0315,12.54,1.18,119.57,0.45,2927,5.335,0.278,10,harsh,B,81.74,1
M0316,10.44,1.47,67.89,0.76,943,4.802,0.933,17,outdoor,B,135.9,1
M0317,6.13,1.29,76.48,0.64,2305,3.148,0.724,13,harsh,C,45.09,1
M0318,2.6,1.6,83.67,0.3,601,9.609,0.577,10,indoor,A,117.13,1
M0319,2.35,0.62,85.31,0.86,1514,1.857,0.648,9,indoor,A,164.38,1
M0320,3.75,0.59,84.66,0.84,1791,6.008,0.029,16,outdoor,C,47.28,1
M0321,8.24,0.87,114.46,0.68,1952,3.184,0.618,3,outdoor,A,40.25,1
M0322,10.72,0.74,102.84,0.35,2840,3.151,0.51,14,harsh,B,132.68,1
M0323,9.9,1.81,96.47,0.84,2181,4.347,0.546,15,harsh,C,54.86,1
M0324,4.2,0.83,78.56,0.71,1703,9.989,0.359,20,indoor,A,265.55,1
M0325,14.32,1.96,109.43,0.85,2524,1.022,0.081,12,indoor,B,62.89,1
M0326,11.07,1.01,117.3,0.83,2876,5.996,0.193,8,harsh,A,72.82,1
M0327,8.32,0.77,109.27,0.86,555,1.284,0.951,10,outdoor,A,54.67,1
M0328,9.18,1.68,60.09,0.66,2956,1.968,0.409,10,indoor,A,71.46,1
M0329,6.29,1.49,98.18,0.4,715,4.676,0.467,5,outdoor,C,65.07,1
M0330,3.72,1.25,63.07,0.77,2536,5.349,0.053,0,outdoor,A,65.76,1
M0331,5.34,1.33,75.46,0.73,1201,2.959,0.038,5,outdoor,B,44.5,1
M0332,11.37,1.58,63.57,0.82,830,3.506,0.717,12,outdoor,C,46.77,1
M0333,0.22,0.84,96.23,0.42,1600,1.326,0.538,4,indoor,B,24.02,1
M0334,1.74,1.99,101.2,0.44,2110,3.381,0.509,14,harsh,B,60.64,0
M0335,0.69,1.96,66.87,0.92,1452,9.682,0.243,17,outdoor,B,83.73,1
M0336,0.61,1.48,83.03,0.82,636,9.475,0.745,19,outdoor,A,36.17,1
M0337,12.83,0.8,87.37,0.94,1999,3.681,0.168,13,indoor,B,48.06,1
M0338,10.55,1.52,82.14,0.83,2756,5.923,0.19,14,outdoor,B,29.08,1
M0339,7.11,0.61,67.26,0.72,1458,9.141,0.461,4,indoor,C,88.23,1
M0340,1.47,0.55,85.14,0.76,1041,0.559,0.286,3,indoor,C,35.68,1
M0341,7.37,0.89,105.07,0.92,1606,8.201,0.247,1,outdoor,C,79.15,1
M0342,7.1,1.19,64.26,0.71,621,9.51,0.645,6,indoor,C,13.17,1
M0343,2.6,1.8,64.81,0.74,2551,1.368,0.651,9,outdoor,B,57.18,1
M0344,6.51,1.59,81.29,0.41,2566,2.034,0.825,15,indoor,B,177.28,1
M0345,5.98,1.61,116.5,0.63,1970,9.627,0.418,9,outdoor,C,72.83,1
M0346,9.24,1.14,100.11,0.8,1383,5.607,0.073,17,indoor,A,34.2,1
M0347,9.53,1.02,100.72,0.49,2499,0.635,0.274,16,indoor,C,129.33,1
M0348,0.68,1.06,81.72,0.44,1887,2.948,0.98,20,indoor,B,116.46,1
M0349,5.62,1.98,95.62,0.52,2565,4.774,0.596,12,harsh,B,92.54,1
M0350,9.39,0.56,60.61,0.47,2079,7.083,0.71,0,harsh,B,66.46,1
M0351,7.55,1.8,98.17,0.45,2461,7.465,0.007,0,indoor,C,81.7,1
M0352,12.85,1.37,114.8,0.6,1996,9.957,0.518,14,outdoor,A,188.36,1
M0353,9.88,1.16,96.75,0.94,1535,3.231,0.038,0,outdoor,B,44.42,1
M0354,2.44,1.59,112.42,0.65,2895,5.613,0.569,5,harsh,B,61.91,1
M0355,1.06,1.23,103.44,0.43,1853,5.567,0.921,12,indoor,A,98.06,1
M0356,9.64,1.81,67.23,0.35,2013,4.354,0.968,0,outdoor,C,14.48,1
M0357,0.4,1.85,114.15,0.79,1051,2.107,0.541,4,indoor,B,13.22,1
M0358,8.79,1.13,63.99,0.57,2064,9.786,0.458,8,indoor,B,37.23,1
M0359,14.1,0.92,92.04,0.88,1929,8.607,0.945,16,harsh,A,71.73,1
M0360,8.63,1.39,68.53,0.76,962,5.234,0.674,15,outdoor,B,94.73,1
M0361,5.82,1.87,60.7,0.86,649,6.231,0.065,7,indoor,B,106.83,1
M0362,9.65,0.82,85.32,0.49,2011,2.659,0.466,16,indoor,B,22.04,1
M0363,6.87,1.43,77.7,0.78,2409,5.666,0.24,14,outdoor,A,84.94,1
M0364,8.18,1.45,89.16,0.48,1809,7.102,0.47,0,outdoor,C,109.54,1
M0365,14.12,1.6,94.63,0.96,1067,5.394,0.455,11,indoor,B,70.71,1
M0366,5.79,0.7,62.62,0.75,2166,9.908,0.582,4,harsh,B,57.08,0
M0367,14.42,1.57,67.38,0.53,700,6.308,0.357,5,indoor,B,128.67,1
M0368,13.58,1.86,93.52,0.49,1605,4.024,0.164,0,indoor,A,129.75,1
M0369,2.94,0.77,80.59,0.43,908,7.835,0.504,0,harsh,B,61.95,1
M0370,1.04,0.86,103.75,0.79,961,2.119,0.83,9,indoor,B,173.55,1
M0371,1.51,1.96,99.14,0.45,1006,4.153,0.664,9,indoor,B,80.21,1
M0372,0.27,0.77,110.74,0.72,1467,3.796,0.338,2,outdoor,B,57.81,0
M0373,1.42,1.78,101.55,0.49,628,4.602,0.936,16,harsh,B,41.12,1
M0374,10.25,1.24,85.8,0.76,1494,7.927,0.912,18,indoor,A,67.92,1
M0375,1.07,0.87,100.38,0.87,1779,5.1,0.209,10,harsh,B,17.78,1
M0376,4.78,1.81,76.52,0.84,1708,8.043,0.039,17,outdoor,A,136.84,1
M0377,12.67,1.17,78.38,0.83,1457,5.977,0.741,1,indoor,A,79.72,1
M0378,0.35,1.27,107.34,0.43,2598,3.75,0.828,8,outdoor,C,39.45,1
M0379,12.22,1.04,86.79,0.36,863,8.195,0.968,16,indoor,B,54.9,1
M0380,4.23,1.39,107.9,0.79,1764,2.764,0.89,13,outdoor,B,144.29,1
M0381,1.77,0.75,109.35,0.56,655,2.632,0.601,3,outdoor,B,134.12,1
M0382,10.45,1.09,111.45,0.6,678,5.293,0.53,16,harsh,C,52.66,1
M0383,9.43,1.95,115.0,0.32,1935,2.978,0.028,16,indoor,B,103.46,1
M0384,13.16,0.89,85.86,0.48,1915,0.586,0.247,11,outdoor,C,67.02,1
M0385,11.03,1.49,79.13,0.32,2695,6.659,0.46,19,outdoor,A,72.28,1
M0386,12.05,0.99,94.93,0.92,1895,5.355,0.629,17,indoor,C,139.19,1
M0387,4.23,1.66,82.27,0.47,2899,4.732,0.557,2,indoor,C,31.42,1
M0388,2.66,0.7,96.06,0.69,622,9.686,0.743,10,indoor,C,67.82,1
M0389,11.26,1.95,102.34,0.33,745,5.926,0.28,17,outdoor,A,65.22,1
M0390,12.1,1.18,101.3,0.77,610,8.703,0.565,3,outdoor,A,72.51,1
M0391,14.86,0.85,82.47,0.53,963,1.825,0.088,16,indoor,A,80.09,0
M0392,6.19,0.61,70.01,0.93,1853,5.907,0.414,17,harsh,A,78.97,1
M0393,5.58,0.75,85.83,0.92,2114,8.746,0.75,4,harsh,C,21.01,1
M0394,11.65,1.28,68.56,0.53,614,6.04,0.693,13,outdoor,A,93.44,1
M0395,5.11,1.01,113.41,0.93,2865,7.321,0.991,9,indoor,A,54.96,1
M0396,13.96,1.74,80.75,1.0,2605,4.034,0.278,14,outdoor,A,43.66,1
M0397,12.88,1.15,69.27,0.88,1242,1.378,0.498,0,indoor,A,31.79,1
M0398,6.43,0.87,61.53,0.89,693,4.85,0.33,15,indoor,A,184.49,1
M0399,11.26,1.43,98.75,0.47,925,4.248,0.441,10,outdoor,C,56.27,1
M0400,11.32,1.56,98.21,0.7,817,8.737,0.857,19,indoor,B,100.98,1
M0401,1.55,0.75,80.44,0.35,808,2.818,0.684,5,indoor,A,60.78,0
M0402,13.54,0.75,64.3,0.37,1796,9.684,0.882,15,indoor,B,114.17,1
M0403,7.58,0.56,84.58,1.0,1115,9.602,0.204,1,indoor,B,80.36,1
M0404,12.4,1.6,78.67,0.53,1395,2.853,0.873,0,indoor,A,78.89,1
M0405,4.8,1.5,100.63,0.82,2974,3.806,0.06,8,harsh,B,46.54,1
M0406,13.43,1.21,96.35,0.86,2211,9.008,0.889,11,indoor,B,91.51,1
M0407,5.84,1.77,81.88,0.9,2872,9.683,0.329,16,indoor,B,83.58,1
M0408,0.16,1.71,73.07,1.0,856,4.713,0.315,14,indoor,B,81.73,0
M0409,13.58,1.38,119.28,0.47,1455,3.549,0.512,18,harsh,A,106.88,1
M0410,1.37,1.8,87.24,0.33,1887,5.498,0.941,9,outdoor,C,34.18,1
M0411,4.79,0.81,101.3,0.59,692,7.034,0.048,11,indoor,C,36.8,1
M0412,14.25,0.67,68.43,0.39,510,3.098,0.352,13,harsh,C,69.63,1
M0413,14.26,0.9,89.14,0.32,2176,7.496,0.857,8,indoor,A,63.55,1
M0414,8.6,0.59,61.65,0.55,2105,0.991,0.396,12,indoor,C,15.77,1
M0415,9.48,1.3,90.33,0.85,1527,0.968,0.199,2,indoor,C,135.1,1
M0416,6.73,1.9,117.84,0.7,1724,4.17,0.425,20,indoor,C,45.24,1
M0417,4.4,0.56,83.05,0.52,1539,3.858,0.386,13,indoor,A,142.81,0
M0418,4.93,0.68,62.34,0.76,560,3.499,0.915,20,outdoor,B,147.65,1
M0419,10.09,1.18,61.86,0.46,1338,5.165,0.762,9,indoor,C,116.87,1
M0420,11.29,1.9,83.28,0.31,943,3.547,0.505,15,outdoor,B,46.46,1
M0421,11.87,0.97,69.6,0.84,746,2.326,0.988,6,indoor,B,60.31,1
M0422,11.84,1.26,61.4,0.74,2892,3.44,0.465,3,indoor,C,75.52,1
M0423,1.37,0.56,105.37,0.83,1998,9.762,0.058,19,outdoor,B,42.16,1
M0424,7.42,0.72,87.51,0.33,2322,4.406,0.262,10,harsh,B,45.23,1
M0425,0.86,1.98,77.35,0.89,1288,4.725,0.436,15,indoor,B,78.61,1
M0426,8.24,1.95,114.0,0.73,1483,5.977,0.157,19,outdoor,C,30.59,1
M0427,6.62,0.51,66.97,0.69,1092,9.842,0.948,3,indoor,A,57.14,1
M0428,13.32,1.93,117.36,0.74,742,2.795,0.767,16,indoor,B,125.96,1
M0429,5.26,1.46,78.84,0.91,948,6.972,0.268,12,indoor,B,49.61,1
M0430,1.76,1.8,113.3,0.71,2494,7.302,0.591,10,indoor,C,13.78,1
M0431,2.14,1.18,96.18,0.71,2194,6.27,0.721,2,indoor,B,101.63,1
M0432,11.42,1.27,109.6,0.99,1867,1.341,0.941,8,indoor,C,99.54,0
M0433,9.27,1.23,119.04,0.83,1688,6.93,0.882,5,outdoor,C,40.41,1
M0434,1.52,1.5,77.3,0.61,2806,1.109,0.515,20,indoor,A,55.03,1
M0435,1.26,0.71,117.67,0.8,682,6.163,0.775,10,outdoor,B,65.39,0
M0436,10.51,0.54,83.37,0.57,1202,7.526,0.562,15,indoor,A,194.47,1
M0437,1.09,0.96,83.13,0.46,1375,2.504,0.553,18,outdoor,A,137.06,0
M0438,12.33,1.56,80.42,0.72,2456,8.495,0.115,4,outdoor,B,77.57,1
M0439,10.59,0.8,92.48,0.95,2981,0.788,0.126,13,indoor,C,58.57,1
M0440,1.22,1.51,69.25,0.95,1102,8.516,0.53,16,indoor,C,91.14,1
M0441,1.27,1.95,93.22,0.54,2686,4.873,0.269,2,outdoor,A,29.99,1
M0442,14.8,0.64,92.5,0.67,2577,2.567,0.021,3,harsh,A,72.97,0
M0443,5.61,1.51,105.71,0.45,1062,1.771,0.723,15,indoor,B,136.23,1
M0444,5.56,1.17,110.02,1.0,1498,9.556,0.032,15,indoor,B,186.41,1
M0445,12.19,1.8,86.43,0.99,1524,1.19,0.595,20,harsh,A,46.61,1
M0446,14.21,0.77,78.14,0.75,2946,2.391,0.539,3,indoor,C,11.59,1
M0447,14.79,1.54,75.56,0.86,952,3.804,0.969,18,outdoor,C,71.14,1
M0448,11.3,1.76,71.68,0.8,2498,6.392,0.484,16,indoor,B,117.1,1
M0449,5.64,1.92,63.46,0.72,1335,5.676,0.064,12,indoor,C,126.71,1
M0450,1.25,1.52,80.55,0.34,2327,1.694,0.552,0,outdoor,A,51.07,1
M0451,11.66,1.25,76.21,0.62,1550,3.252,0.841,11,outdoor,B,52.9,1
M0452,8.38,1.43,117.99,0.77,1946,2.768,0.997,3,indoor,B,80.06,1
M0453,6.36,1.8,93.46,0.77,2582,2.529,0.43,10,outdoor,A,64.26,1
M0454,13.6,1.36,80.84,0.56,2510,4.406,0.32,4,outdoor,C,88.71,0
M0455,1.67,0.55,94.83,0.96,2666,7.188,0.907,1,outdoor,B,68.53,1
M0456,7.39,1.9,68.35,0.42,649,2.566,0.191,16,indoor,B,115.36,0
M0457,0.17,1.53,86.64,0.65,2230,3.983,0.615,7,outdoor,A,101.71,1
M0458,7.03,1.51,97.57,0.78,850,4.214,0.406,5,outdoor,A,122.59,1
M0459,0.84,0.82,89.33,0.79,1540,9.776,0.041,20,outdoor,A,74.08,1
M0460,1.78,1.49,84.11,0.75,1871,9.569,0.347,8,outdoor,B,119.37,1
M0461,1.76,1.09,119.63,0.49,1507,8.101,0.265,12,indoor,B,59.64,1
M0462,9.74,1.48,112.82,0.41,1799,2.796,0.686,10,outdoor,A,85.67,1
M0463,11.19,0.66,97.4,0.75,2991,1.146,0.949,15,outdoor,B,46.16,1
M0464,8.75,1.49,94.16,0.72,838,3.511,0.268,15,indoor,B,94.43,1
M0465,14.43,2.0,97.24,0.43,2189,3.035,0.811,1,outdoor,B,47.58,1
M0466,5.62,0.57,72.08,0.79,1490,5.306,0.055,9,indoor,B,69.93,1
M0467,4.29,1.97,83.71,0.62,833,7.888,0.538,11,outdoor,C,143.2,1
M0468,13.03,1.11,62.37,0.77,897,8.654,0.071,7,indoor,B,44.7,1
M0469,3.35,1.81,88.53,0.89,2873,8.526,0.934,10,outdoor,B,102.88,1
M0470,14.45,1.67,92.58,0.42,2699,3.917,0.766,9,harsh,A,140.32,1
M0471,0.18,1.35,73.66,0.31,2768,7.029,0.658,12,outdoor,A,15.84,1
M0472,14.55,1.61,117.84,0.85,2979,3.472,0.824,16,harsh,A,72.71,1
M0473,0.65,1.82,114.57,0.73,1021,1.079,0.648,6,harsh,B,39.78,1
M0474,13.37,1.11,103.33,0.79,1389,7.165,0.969,2,indoor,A,20.15,1
M0475,7.92,0.99,92.0,0.89,2173,0.593,0.714,19,outdoor,A,85.2,1
M0476,14.89,1.5,112.2,0.86,1710,4.387,0.925,12,outdoor,C,109.15,1
M0477,1.11,1.71,67.84,0.97,1546,3.629,0.517,18,harsh,A,10.84,1
M0478,8.31,1.64,107.43,0.68,1395,7.087,0.117,6,indoor,A,58.71,0
M0479,14.54,1.7,67.49,0.64,1984,7.779,0.528,8,harsh,A,58.62,1
M0480,7.85,1.15,107.65,0.58,1939,3.389,0.127,18,outdoor,C,117.3,1
M0481,9.44,1.73,76.55,0.41,904,8.21,0.592,12,outdoor,A,30.03,1
M0482,10.44,0.68,112.63,0.7,1679,3.292,0.482,7,indoor,B,109.94,1
M0483,6.82,1.32,116.64,0.49,1884,4.74,0.623,17,indoor,B,113.83,1
M0484,9.41,0.51,68.93,0.94,1926,7.407,0.01,1,outdoor,B,94.7,1
M0485,8.76,0.99,87.76,0.71,1025,7.083,0.195,17,indoor,B,196.58,1
M0486,13.52,1.05,118.86,0.71,2356,9.88,0.491,17,harsh,C,63.65,1
M0487,0.68,1.09,89.0,0.55,563,2.639,0.951,10,indoor,A,30.53,1
M0488,4.21,1.54,111.81,0.34,1387,6.792,0.384,0,outdoor,A,72.61,1
M0489,14.26,1.08,95.32,0.32,2451,6.292,0.424,13,indoor,A,78.36,1
M0490,13.35,1.17,82.52,0.6,1910,9.193,0.715,15,outdoor,A,57.16,1
M0491,6.83,0.86,77.15,0.36,1153,1.985,0.604,10,outdoor,A,95.83,1
M0492,9.3,1.06,72.19,0.72,2237,7.642,0.299,0,indoor,A,76.69,1
M0493,4.16,0.84,105.71,0.92,1918,5.899,0.411,6,indoor,B,78.26,1
M0494,2.82,0.61,83.19,0.92,2491,3.109,0.218,15,indoor,B,247.18,0
M0495,6.96,1.41,90.68,0.76,2338,5.007,0.966,13,outdoor,A,30.56,1
M0496,5.3,1.5,89.54,0.45,2025,3.671,0.131,14,outdoor,B,98.57,0
M0497,8.75,1.43,94.64,0.9,1720,6.003,0.372,13,outdoor,A,80.14,1
M0498,1.17,1.2,111.93,0.92,833,8.946,0.026,20,outdoor,A,107.97,1
M0499,14.62,1.07,118.84,0.44,1153,5.908,0.222,10,outdoor,B,108.12,1
M0500,14.79,1.8,84.46,0.82,1548,6.501,0.78,15,indoor,A,73.52,1
M0501,10.47,1.28,109.65,0.5,1998,5.428,0.201,18,indoor,A,87.76,1
M0502,8.04,1.22,105.87,0.86,1784,0.986,0.08,16,indoor,B,86.22,1
M0503,4.64,0.54,94.41,1.0,1220,2.712,0.474,5,harsh,C,43.95,1
M0504,12.21,1.01,117.36,0.32,516,5.174,0.01,10,harsh,B,108.77,1
M0505,10.27,1.07,72.03,0.93,1741,3.447,0.085,16,indoor,A,52.88,0
M0506,2.44,1.1,66.56,0.74,1214,2.227,0.808,8,outdoor,C,32.53,1
M0507,13.66,1.37,111.24,0.98,2337,5.289,0.771,17,harsh,B,20.91,1
M0508,12.34,1.3,86.35,0.63,560,3.567,0.915,16,outdoor,B,73.78,1
M0509,14.25,1.41,110.82,0.89,1962,2.952,0.855,11,indoor,C,25.68,1
M0510,10.89,1.65,113.59,0.34,2854,4.908,0.683,4,indoor,B,87.38,1
M0511,9.2,1.72,63.75,0.53,936,1.766,0.052,10,outdoor,A,48.18,1
M0512,6.27,1.58,113.01,0.35,1679,9.314,0.783,3,harsh,B,50.03,1
M0513,13.99,1.93,86.9,0.98,729,8.743,0.846,3,outdoor,B,6.43,1
M0514,12.99,0.53,90.63,0.87,2064,7.222,0.799,2,indoor,B,57.67,1
M0515,0.68,0.79,97.6,0.9,1876,1.509,0.508,16,indoor,B,143.28,1
M0516,0.4,0.51,115.58,0.96,1518,7.871,0.233,6,outdoor,C,60.83,1
M0517,5.65,1.47,61.15,0.36,1803,8.176,0.845,3,harsh,C,53.92,0
M0518,12.16,1.85,88.61,0.57,2741,7.794,0.727,12,outdoor,C,94.8,1
M0519,14.81,0.87,101.26,0.35,991,1.583,0.981,11,outdoor,C,51.53,1
M0520,2.26,1.89,103.36,0.45,556,6.617,0.156,0,indoor,C,18.49,1
M0521,8.91,0.59,101.55,0.46,2654,8.426,0.226,20,harsh,A,105.62,1
M0522,5.71,1.9,68.07,0.63,1943,5.985,0.212,18,outdoor,A,178.86,1
M0523,14.55,1.03,77.96,0.49,2727,6.641,0.793,20,indoor,B,119.18,0
M0524,12.63,0.65,81.52,0.37,1992,4.854,0.187,19,outdoor,C,31.5,1
M0525,12.57,1.23,108.27,0.42,2525,5.523,0.067,17,indoor,B,90.62,0
M0526,7.03,0.89,76.73,0.4,1574,0.827,0.999,10,indoor,B,58.09,0
M0527,6.22,0.93,72.64,0.98,2375,6.57,0.025,19,indoor,A,67.9,0
M0528,4.1,0.96,117.45,0.83,2783,1.274,0.835,2,indoor,A,173.22,1
M0529,0.85,1.7,60.53,0.98,1930,4.633,0.365,16,indoor,B,69.84,1
M0530,12.97,1.31,119.87,0.61,952,3.28,0.842,11,outdoor,A,144.44,1
M0531,12.19,0.97,100.61,0.49,1172,5.682,0.555,9,outdoor,A,58.74,1
M0532,15.0,1.42,109.71,0.86,997,1.767,0.902,7,outdoor,A,87.86,0
M0533,14.95,1.57,77.68,0.53,1117,7.071,0.926,14,indoor,A,65.39,1
M0534,8.33,0.91,60.86,0.51,1266,8.053,0.009,4,indoor,B,199.15,1
M0535,11.53,1.12,104.27,0.46,1888,2.052,0.075,3,outdoor,A,22.72,1
M0536,14.17,0.68,110.05,0.39,1970,1.491,0.25,20,indoor,B,128.05,1
M0537,12.74,0.77,104.43,0.48,1566,1.882,0.669,19,indoor,A,112.74,1
M0538,3.71,1.52,68.57,0.55,2039,8.833,0.888,18,harsh,C,50.88,1
M0539,6.76,0.77,105.21,0.77,704,5.518,0.46,20,outdoor,A,57.52,1
M0540,1.94,1.29,106.14,0.34,719,4.939,0.607,3,harsh,B,79.07,1
M0541,14.31,1.56,99.51,0.45,930,1.514,0.188,14,outdoor,B,43.78,1
M0542,9.09,0.66,105.97,0.87,1795,6.671,0.805,16,indoor,A,104.33,1
M0543,3.43,1.35,110.76,0.4,1035,8.746,0.967,11,outdoor,C,39.01,1
M0544,10.08,0.88,96.82,0.54,1208,8.368,0.269,2,indoor,B,131.17,0
M0545,9.27,1.94,65.32,0.91,1501,6.448,0.495,9,outdoor,B,15.49,1
M0546,5.37,1.23,89.26,0.41,2530,1.215,0.086,14,indoor,A,66.1,1
M0547,1.7,1.71,64.66,0.36,535,1.568,0.559,9,harsh,C,41.24,1
M0548,10.07,1.33,84.45,0.64,2123,0.968,0.503,17,indoor,C,74.38,1
M0549,7.8,0.57,84.43,0.51,2172,2.946,0.144,0,harsh,A,41.4,1
M0550,11.58,1.45,63.96,0.69,2497,1.789,0.442,2,harsh,A,64.4,1
M0551,7.8,1.93,80.93,0.86,2832,2.97,0.334,20,outdoor,C,59.67,0
M0552,12.78,1.4,66.66,0.4,550,4.158,0.522,11,outdoor,B,113.22,1
M0553,8.28,1.73,108.49,0.71,884,9.458,0.586,0,outdoor,C,58.09,1
M0554,8.41,1.83,116.86,0.65,2715,6.299,0.008,2,harsh,B,17.43,1
M0555,13.15,0.84,64.34,0.4,1646,8.432,0.761,2,outdoor,B,92.57,1
M0556,6.05,0.82,117.31,0.74,1911,7.248,0.713,4,outdoor,A,38.02,1
M0557,2.01,1.42,91.35,0.49,2158,1.569,0.366,18,outdoor,A,156.56,1
M0558,0.43,1.12,77.97,0.64,2198,7.491,0.053,0,harsh,B,38.15,1
M0559,11.33,1.76,64.61,0.36,2829,3.113,0.755,3,outdoor,C,53.82,1
M0560,9.3,1.85,90.04,0.62,2992,6.572,0.955,3,outdoor,A,55.79,1
M0561,10.56,1.03,107.67,0.51,2300,3.739,0.24,16,outdoor,B,128.18,1
M0562,3.19,0.86,102.43,0.88,1218,9.978,0.324,13,harsh,B,25.57,1
M0563,2.05,1.67,63.01,0.34,2699,3.004,0.184,17,outdoor,B,107.55,1
M0564,0.22,0.91,64.37,0.59,623,3.152,0.577,0,indoor,C,44.14,1
M0565,5.26,1.73,84.17,0.62,1078,9.341,0.155,15,outdoor,C,86.45,1
M0566,8.85,1.14,77.72,0.81,2743,0.734,0.356,2,harsh,A,122.39,1
M0567,5.88,1.5,73.94,0.7,1140,7.119,0.697,20,outdoor,C,65.55,1
M0568,6.56,0.64,76.86,0.77,1052,7.391,0.56,8,harsh,C,50.8,1
M0569,13.56,1.44,108.21,0.84,845,8.446,0.386,3,indoor,C,100.71,0
M0570,5.22,1.18,115.75,0.9,2648,9.757,0.42,20,outdoor,B,71.74,1
M0571,7.71,1.38,84.31,0.52,1750,9.768,0.562,4,outdoor,C,55.77,1
M0572,11.75,0.75,114.37,0.68,2187,1.12,0.006,10,harsh,A,71.81,1
M0573,5.95,1.61,79.29,0.89,1098,8.307,0.079,20,indoor,A,51.53,0
M0574,9.33,1.79,88.59,0.99,2395,6.64,0.881,8,harsh,C,17.21,1
M0575,12.94,0.83,73.56,0.92,2400,6.65,0.078,2,outdoor,A,122.41,1
M0576,14.24,0.64,98.43,0.56,1281,1.719,0.707,5,indoor,A,88.89,1
M0577,2.21,0.54,118.74,0.44,1527,6.677,0.92,10,indoor,C,24.48,1
M0578,13.9,1.46,96.21,0.64,1024,9.834,0.271,8,indoor,C,88.69,0
M0579,7.38,1.41,81.47,0.82,2941,9.162,0.37,14,outdoor,A,65.55,1
M0580,3.87,1.32,98.87,0.64,2114,4.672,0.569,2,indoor,C,27.81,1
M0581,6.89,0.85,67.38,0.64,2836,0.88,0.882,0,indoor,B,115.04,1
M0582,14.7,1.09,113.32,0.89,1258,3.942,0.942,19,harsh,B,96.96,1
M0583,7.39,1.39,90.19,0.55,2455,8.351,0.74,18,indoor,C,128.76,1
M0584,4.93,1.25,86.96,0.9,2415,7.164,0.087,13,indoor,B,194.47,1
M0585,9.5,1.98,95.15,0.58,2229,4.864,0.669,16,outdoor,A,138.69,1
M0586,3.6,0.7,97.49,0.53,2914,1.023,0.41,13,outdoor,A,5.44,1
M0587,1.14,1.54,64.31,0.62,1484,4.555,0.471,16,outdoor,B,81.61,1
M0588,1.93,1.11,100.96,0.83,827,4.956,0.049,13,outdoor,B,136.88,1
M0589,1.92,1.14,74.52,0.39,2179,9.321,0.191,11,outdoor,C,55.03,1
M0590,2.28,1.58,102.84,0.44,2323,6.59,0.791,15,outdoor,C,73.03,1
M0591,2.08,1.54,109.35,0.97,1938,3.461,0.454,0,indoor,B,97.38,1
M0592,9.61,1.99,108.24,0.42,1017,5.491,0.302,12,indoor,C,56.98,1
M0593,2.73,0.69,93.15,0.7,1761,1.128,0.384,5,outdoor,A,134.65,0
M0594,5.19,0.66,91.21,0.71,1280,9.739,0.854,16,indoor,A,103.07,1
M0595,13.45,1.59,68.57,0.64,1569,3.921,0.749,11,outdoor,C,61.41,1
M0596,7.11,1.37,106.52,0.75,2113,5.04,0.272,18,outdoor,A,252.18,1
M0597,10.01,0.91,76.28,0.46,2363,3.875,0.118,5,indoor,A,101.6,1
M0598,2.58,0.62,89.8,0.69,1081,6.984,0.252,6,indoor,B,51.59,1
M0599,2.88,0.63,77.06,0.56,1513,6.791,0.921,0,indoor,B,94.01,1
M0600,0.61,1.84,68.03,0.76,1173,7.296,0.582,0,outdoor,C,101.02,1
M0601,2.53,0.79,97.77,0.4,997,3.047,0.533,4,outdoor,A,119.77,0
M0602,4.18,0.99,63.26,0.7,2458,3.499,0.596,5,outdoor,A,142.57,1
M0603,2.66,0.84,104.92,0.43,2773,1.69,0.366,15,indoor,A,152.24,1
M0604,1.33,1.03,79.06,0.5,1426,6.727,0.807,15,outdoor,B,58.18,1
M0605,1.81,0.6,60.01,0.45,2378,0.878,0.523,13,harsh,A,157.35,1
M0606,6.91,1.28,90.67,0.43,2742,6.178,0.117,0,indoor,B,146.27,1
M0607,3.1,0.6,62.81,0.88,2615,8.762,0.129,12,outdoor,C,39.56,1
M0608,5.46,1.7,76.57,0.5,957,8.963,0.537,19,harsh,C,23.78,1
M0609,7.55,0.85,102.42,0.95,2891,4.766,0.937,9,indoor,A,213.37,1
M0610,10.36,1.31,63.76,0.98,1442,4.863,0.308,9,outdoor,B,138.86,1
M0611,0.59,1.82,110.36,0.7,1348,1.231,0.87,8,indoor,B,170.62,1
M0612,11.99,1.48,60.23,0.4,656,6.872,0.764,12,outdoor,C,53.84,0
M0613,9.42,1.3,74.81,0.56,1715,8.302,0.248,2,indoor,C,73.51,1
M0614,1.23,0.99,104.45,0.86,773,2.824,0.036,17,harsh,A,99.99,1
M0615,13.1,1.0,78.98,0.56,1121,4.502,0.102,19,outdoor,B,92.7,1
M0616,13.81,1.5,66.11,0.36,1292,8.469,0.728,1,outdoor,A,20.8,1
M0617,0.92,1.99,81.61,0.69,2522,8.833,0.2,16,outdoor,A,122.16,1
M0618,4.15,1.49,76.22,0.89,2689,2.81,0.371,18,outdoor,A,100.25,1
M0619,12.09,1.34,110.56,0.86,1256,5.73,0.502,12,outdoor,B,85.06,1
M0620,11.22,1.6,78.8,0.42,2647,2.329,0.725,12,harsh,B,59.56,1
M0621,2.77,1.2,107.34,0.77,2643,1.468,0.113,0,harsh,A,62.98,1
M0622,3.14,0.59,113.51,0.45,2412,9.156,0.406,1,outdoor,B,34.89,1
M0623,5.56,1.34,86.03,0.45,867,8.295,0.485,0,harsh,A,42.03,1
M0624,7.27,1.94,114.6,0.91,2226,7.72,0.541,4,outdoor,B,30.8,1
M0625,9.27,0.76,82.64,0.47,2863,0.963,0.818,2,outdoor,A,48.03,1
M0626,5.53,1.54,117.84,0.48,2206,8.515,0.172,6,outdoor,A,165.33,1
M0627,6.94,0.8,65.36,0.3,1329,4.661,0.808,12,indoor,B,52.71,1
M0628,11.21,1.3,101.22,0.91,1751,3.753,0.693,17,indoor,A,66.55,1
M0629,0.55,0.65,89.63,0.85,2114,5.692,0.556,20,indoor,B,123.42,1
M0630,3.79,1.18,83.26,0.74,1776,1.368,0.7,6,outdoor,A,111.19,1
M0631,10.7,1.63,97.96,0.83,800,7.688,0.412,0,indoor,B,37.58,1
M0632,13.43,1.02,102.23,0.41,1280,6.033,0.138,4,outdoor,A,91.87,0
M0633,7.68,1.5,60.26,0.62,2506,2.273,0.666,16,harsh,B,103.16,1
M0634,7.98,1.69,70.02,0.55,2654,2.288,0.525,7,indoor,C,48.79,1
M0635,1.61,1.89,102.78,0.37,843,2.25,0.639,14,outdoor,A,68.54,1
M0636,6.71,0.85,99.98,0.64,2881,1.042,0.338,19,indoor,B,195.57,0
M0637,7.99,1.1,117.96,0.94,1322,6.084,0.907,3,indoor,A,136.27,1
M0638,3.64,0.73,105.66,0.33,2156,8.483,0.587,1,outdoor,B,90.47,1
M0639,4.04,1.99,117.05,0.5,2380,0.666,0.085,4,outdoor,A,28.66,1
M0640,5.66,1.89,102.15,0.45,2530,0.966,0.45,0,outdoor,B,63.47,1
M0641,0.3,1.31,77.88,0.47,2864,5.941,0.756,4,indoor,B,99.58,1
M0642,4.83,1.76,66.32,0.94,1282,8.285,0.794,5,outdoor,C,34.09,1
M0643,3.17,1.28,106.91,0.63,2646,3.604,0.495,1,indoor,B,77.7,1
M0644,4.91,1.44,98.65,0.63,829,3.821,0.895,0,indoor,B,100.39,1
M0645,1.8,0.63,62.89,0.83,2263,6.165,0.268,3,indoor,B,76.02,1
M0646,13.36,1.63,81.6,0.41,2355,3.105,0.411,6,indoor,C,104.58,1
M0647,8.9,0.69,117.41,0.64,2194,0.753,0.899,0,indoor,C,112.02,1
M0648,10.19,1.74,90.02,0.6,1131,7.485,0.896,0,indoor,A,64.16,1
M0649,11.84,1.67,85.96,0.72,2683,6.444,0.686,7,harsh,C,68.48,1
M0650,7.48,1.56,87.46,1.0,922,6.017,0.859,19,indoor,B,37.87,1
M0651,1.3,0.55,72.53,0.84,634,7.546,0.089,15,indoor,C,156.73,1
M0652,8.06,0.95,82.12,0.58,2294,6.915,0.865,20,indoor,C,38.79,1
M0653,8.8,0.89,82.19,0.88,1689,2.456,0.321,12,outdoor,A,33.68,1
M0654,11.18,1.04,63.14,0.42,2623,3.849,0.178,17,indoor,B,126.0,1
M0655,6.47,0.63,106.05,0.32,1458,1.698,0.239,19,harsh,A,76.23,1
M0656,1.91,1.91,84.99,0.44,921,1.734,0.418,9,harsh,A,142.85,1
M0657,4.26,1.33,109.33,0.54,2591,6.924,0.251,11,indoor,A,75.59,1
M0658,5.45,0.96,111.02,0.66,1872,8.657,0.321,0,outdoor,B,45.83,1
M0659,9.69,1.1,72.72,0.73,973,9.646,0.135,9,indoor,A,99.1,1
M0660,8.56,1.17,99.44,0.94,2301,6.469,0.296,8,outdoor,A,72.48,1
M0661,5.34,1.4,88.34,0.66,1778,2.249,0.572,2,outdoor,B,60.86,1
M0662,14.8,1.27,112.81,0.65,2011,1.504,0.442,18,indoor,A,127.33,1
M0663,9.09,1.88,72.94,0.34,1652,8.222,0.347,8,indoor,A,136.57,1
M0664,3.56,1.25,100.67,0.32,2572,5.998,0.746,9,outdoor,A,128.36,0
M0665,1.53,1.99,96.47,0.69,2574,6.374,0.894,18,outdoor,A,194.51,1
M0666,2.29,1.78,77.72,0.61,2273,7.924,0.757,15,indoor,B,62.21,1
M0667,3.69,0.81,68.2,0.89,764,7.181,0.332,17,outdoor,A,143.39,1
M0668,2.41,1.9,99.1,0.41,2597,8.427,0.744,13,outdoor,C,50.41,1
M0669,2.8,0.67,104.32,0.32,2178,1.034,0.152,2,harsh,B,81.26,1
M0670,4.28,1.73,78.94,0.61,2243,7.601,0.13,1,indoor,A,56.2,0
M0671,2.6,1.07,98.69,0.47,1407,8.583,0.346,0,outdoor,A,214.49,1
M0672,13.45,1.82,83.71,0.33,2698,3.218,0.808,17,outdoor,B,102.79,1
M0673,1.2,1.8,102.79,0.81,2313,6.584,0.246,8,indoor,B,178.88,1
M0674,7.87,1.71,71.95,0.38,781,3.485,0.063,12,outdoor,A,58.74,0
M0675,6.16,1.69,113.41,0.73,1519,9.601,0.132,1,outdoor,A,127.99,1
M0676,14.74,0.96,77.24,0.5,2716,0.818,0.859,6,harsh,C,74.97,1
M0677,1.68,0.62,82.07,0.42,618,6.008,0.634,15,indoor,A,85.24,0
M0678,5.97,1.1,63.49,0.57,2904,2.082,0.253,20,outdoor,A,71.2,1
M0679,14.54,0.76,66.69,0.86,2198,7.266,0.555,18,indoor,C,62.5,1
M0680,12.98,1.54,90.95,0.57,2078,2.171,0.528,14,harsh,B,10.06,1
M0681,12.26,1.02,76.06,0.83,1176,2.736,0.655,10,indoor,A,110.86,1
M0682,3.87,1.96,110.13,0.39,1122,5.197,0.233,0,harsh,B,54.0,1
M0683,2.56,1.46,60.88,0.84,2855,9.191,0.864,20,harsh,A,73.22,1
M0684,10.03,1.73,82.75,0.47,1246,2.511,0.309,6,indoor,B,212.25,1
M0685,13.94,0.7,80.24,0.77,2439,1.87,0.694,19,harsh,B,120.42,1
M0686,8.35,1.79,61.16,0.7,1483,7.71,0.016,7,harsh,C,24.83,1
M0687,8.57,1.88,67.46,0.95,848,5.256,0.373,9,indoor,C,61.24,0
M0688,4.2,1.23,84.82,0.57,527,9.162,0.352,4,outdoor,C,56.54,1
M0689,11.54,1.41,89.57,0.35,1861,1.893,0.543,8,outdoor,C,51.48,1
M0690,2.81,1.65,84.26,0.31,2939,6.636,0.073,0,indoor,B,124.33,0
M0691,4.86,0.76,91.86,0.88,1423,2.712,0.79,1,indoor,A,106.83,1
M0692,6.38,1.25,95.71,0.67,1393,1.989,0.218,18,indoor,B,70.51,0
M0693,7.61,1.1,60.6,0.84,1360,6.993,0.677,13,indoor,B,125.42,0
M0694,3.64,0.72,87.85,0.46,1801,6.14,0.803,19,outdoor,C,113.71,1
M0695,1.72,1.05,117.81,0.54,1602,7.671,0.562,9,indoor,A,43.02,1
M0696,9.16,0.6,91.14,0.32,2700,3.44,0.741,8,harsh,C,65.91,1
M0697,4.33,0.54,100.65,0.97,1764,4.756,0.662,9,outdoor,C,59.91,1
M0698,8.72,0.7,78.71,0.77,1769,4.352,0.356,5,indoor,C,55.31,1
M0699,2.32,1.94,106.44,0.95,846,9.849,0.809,16,outdoor,C,16.37,1
M0700,7.22,1.32,106.38,0.49,2957,3.276,0.295,5,outdoor,A,77.08,1
M0701,7.99,1.95,91.28,0.73,1125,3.301,0.571,3,harsh,A,49.52,1
M0702,0.78,1.15,118.56,0.77,683,3.868,0.745,19,indoor,A,74.14,1
M0703,5.05,0.97,67.53,0.52,2158,5.864,0.379,2,indoor,A,136.38,1
M0704,2.02,1.26,61.02,0.89,1988,2.897,0.303,18,harsh,B,115.49,1
M0705,0.95,1.16,106.21,0.96,1538,9.195,0.459,17,harsh,C,31.4,1
M0706,14.85,0.66,108.43,0.92,1555,3.024,0.818,3,outdoor,C,15.21,1
M0707,4.84,1.46,67.21,0.82,2463,9.01,0.93,7,outdoor,B,119.77,1
M0708,12.15,0.82,75.93,0.49,989,1.483,0.545,16,indoor,A,14.62,1
M0709,3.82,1.43,61.05,0.5,2551,6.737,0.661,4,outdoor,A,173.45,1
M0710,10.22,1.48,77.6,0.97,2122,9.116,0.903,12,indoor,A,107.86,1
M0711,11.4,0.73,106.39,0.31,1547,2.103,0.099,0,indoor,A,71.83,1
M0712,8.93,0.59,91.08,0.8,1645,9.699,0.232,12,harsh,B,35.93,1
M0713,7.07,1.67,80.89,0.79,1142,4.802,0.709,3,indoor,A,11.17,1
M0714,6.18,1.19,82.3,0.74,2380,9.484,0.824,13,outdoor,A,50.23,1
M0715,5.23,0.59,60.08,0.99,1782,6.93,0.857,2,harsh,A,31.34,1
M0716,13.94,1.99,77.99,0.52,1302,3.365,0.415,4,indoor,B,99.05,1
M0717,12.46,0.59,98.79,0.54,1990,2.289,0.089,6,harsh,B,29.86,1
M0718,14.48,1.54,118.45,0.36,2989,3.385,0.438,0,harsh,B,48.15,1
M0719,1.86,1.98,110.82,0.61,1588,1.384,0.231,11,outdoor,B,92.98,1
M0720,10.96,0.86,61.42,0.48,2802,1.867,0.291,10,indoor,C,60.84,1
M0721,14.08,0.71,113.91,0.54,1363,1.494,0.772,7,indoor,A,21.45,1
M0722,2.72,0.68,106.99,0.88,637,4.518,0.076,5,outdoor,B,19.23,1
M0723,1.0,0.95,106.82,0.95,1011,8.058,0.828,1,indoor,B,16.4,1
M0724,11.12,0.65,87.48,0.43,1547,1.843,0.428,18,indoor,B,148.78,1
M0725,8.62,1.54,83.88,0.56,1049,1.738,0.596,19,harsh,C,43.34,1
M0726,12.63,0.59,78.17,0.95,501,6.613,0.09,19,indoor,A,172.17,1
M0727,2.1,1.26,63.94,0.34,2788,2.373,0.337,13,outdoor,B,87.6,1
M0728,11.93,2.0,73.69,0.36,2610,1.427,0.09,0,indoor,A,88.79,1
M0729,3.02,1.72,74.8,0.41,2356,2.085,0.962,9,outdoor,B,86.71,1
M0730,2.45,1.42,89.04,0.72,920,9.275,0.807,15,harsh,A,90.5,1
M0731,2.46,0.96,104.85,0.41,801,8.304,0.46,3,indoor,A,65.77,1
M0732,12.22,1.44,88.43,0.98,669,3.864,0.224,10,indoor,B,39.36,1
M0733,9.98,1.29,63.47,0.61,2310,6.73,0.933,15,outdoor,B,85.36,1
M0734,7.85,1.14,117.47,0.65,2822,5.604,0.345,19,outdoor,A,61.06,1
M0735,5.38,0.7,116.56,0.47,1576,6.933,0.161,0,outdoor,B,63.42,1
M0736,13.16,1.83,107.11,0.63,798,6.985,0.563,15,indoor,B,99.3,1
M0737,5.89,1.17,119.48,0.76,1781,6.473,0.944,18,indoor,A,94.48,1
M0738,12.25,0.79,92.67,0.83,1372,3.028,0.004,20,harsh,B,78.53,1
M0739,6.59,1.05,117.77,0.83,1437,0.871,0.238,8,harsh,B,63.98,1
M0740,5.65,1.12,64.54,0.7,2053,4.828,0.938,8,outdoor,B,115.52,1
M0741,6.94,1.74,81.94,0.93,2297,8.964,0.171,8,harsh,A,78.36,1
M0742,4.52,1.6,73.52,0.87,777,5.91,0.113,16,outdoor,A,105.35,1
M0743,11.21,1.65,71.75,0.83,589,8.408,0.57,11,outdoor,B,56.26,0
M0744,7.54,0.52,68.45,0.34,2986,9.92,0.862,12,indoor,C,125.68,0
M0745,3.48,1.12,97.34,0.3,1082,2.054,0.477,7,outdoor,B,74.32,0
M0746,13.49,1.22,106.88,0.45,635,7.072,0.995,15,outdoor,A,68.79,1
M0747,5.76,0.53,94.7,0.76,975,6.906,0.679,17,indoor,B,143.82,1
M0748,8.15,0.89,68.82,0.59,597,9.81,0.074,0,outdoor,C,70.24,1
M0749,13.6,1.64,108.67,0.58,1480,9.863,0.993,0,outdoor,A,20.83,1
M0750,9.36,0.71,98.16,0.92,2506,7.023,0.408,11,outdoor,C,106.23,1
M0751,1.75,1.3,83.29,0.93,1353,2.814,0.287,5,outdoor,C,15.29,1
M0752,14.1,0.82,100.45,0.94,1610,8.086,0.558,8,harsh,A,78.86,1
M0753,9.42,0.52,75.59,0.52,2189,1.517,0.304,4,indoor,C,79.29,0
M0754,5.02,0.86,80.71,0.78,1772,7.917,0.086,15,outdoor,A,195.15,1
M0755,2.09,1.96,115.05,0.49,2654,9.147,0.001,17,outdoor,C,16.65,1
M0756,11.91,1.7,77.43,0.43,2665,4.137,0.45,16,outdoor,B,88.43,1
M0757,9.3,1.94,88.2,0.43,525,6.491,0.837,17,indoor,B,82.71,1
M0758,8.0,1.23,113.41,0.54,2445,4.586,0.572,0,indoor,B,58.64,1
M0759,13.41,0.66,102.46,0.6,1652,4.659,0.999,18,harsh,C,17.86,1
M0760,11.83,1.32,63.73,0.88,2972,3.449,0.287,7,outdoor,A,92.41,1
M0761,2.28,1.18,68.84,0.38,1708,7.74,0.28,2,harsh,B,59.53,1
M0762,4.68,1.77,60.47,0.81,2967,9.394,0.16,4,outdoor,A,31.7,1
M0763,3.73,0.65,97.86,0.67,2386,9.437,0.164,7,outdoor,A,92.53,0
M0764,11.16,1.23,86.86,0.5,1122,2.16,0.285,18,harsh,A,104.8,1
M0765,0.5,0.73,68.06,0.64,1846,8.81,0.793,17,outdoor,B,132.13,1
M0766,8.55,0.99,117.48,0.51,2980,7.506,0.906,17,indoor,A,163.4,1
M0767,11.44,1.61,91.78,0.72,2644,2.902,0.975,20,outdoor,A,74.12,1
M0768,13.15,1.21,74.51,0.6,743,1.139,0.232,0,harsh,A,142.84,1
M0769,5.13,1.06,90.04,0.42,2266,3.046,0.881,14,indoor,A,187.8,1
M0770,12.32,1.09,100.78,0.38,1364,9.166,0.328,17,indoor,B,60.08,1
M0771,1.66,1.19,64.57,0.68,517,6.515,0.113,6,indoor,C,45.02,1
M0772,12.7,1.68,76.48,0.93,1509,7.35,0.87,15,harsh,A,55.78,1
M0773,1.91,1.84,108.42,0.54,1087,2.943,0.636,15,indoor,C,70.94,1
M0774,5.96,1.93,87.58,0.81,2547,7.334,0.165,14,outdoor,B,81.46,1
M0775,11.96,1.68,92.79,0.76,1343,0.767,0.43,5,outdoor,B,84.38,1
M0776,2.25,0.97,85.97,0.95,2569,4.066,0.287,8,outdoor,B,116.21,1
M0777,3.44,1.53,62.63,0.87,501,6.454,0.737,6,outdoor,C,71.84,1
M0778,10.83,1.16,69.94,0.7,1270,1.888,0.453,13,indoor,A,46.77,1
M0779,10.8,0.88,86.73,0.76,1103,8.319,0.989,10,outdoor,B,121.0,1
M0780,9.62,1.76,72.55,0.93,1084,2.733,0.055,20,outdoor,B,67.29,1
M0781,10.41,0.56,63.0,0.58,670,6.697,0.355,15,harsh,B,157.83,1
M0782,8.14,1.85,110.62,0.53,968,4.349,0.482,5,indoor,C,29.27,1
M0783,3.78,1.19,118.87,0.31,1889,6.162,0.503,15,harsh,A,137.84,1
M0784,5.19,1.46,107.59,0.88,1228,1.521,0.316,19,outdoor,B,32.63,1
M0785,2.72,1.49,111.23,0.86,1543,0.661,0.729,15,harsh,B,40.13,1
M0786,13.63,1.84,74.52,0.37,1442,9.141,0.875,11,outdoor,A,19.98,1
M0787,8.75,1.46,117.64,0.7,2690,3.061,0.939,16,outdoor,A,104.83,1
M0788,6.01,1.42,71.82,0.62,2763,8.287,0.805,4,harsh,B,51.38,0
M0789,6.93,0.6,117.09,0.38,1732,9.994,0.851,12,harsh,C,39.54,1
M0790,14.21,1.28,119.69,0.99,1325,2.509,0.551,7,outdoor,B,85.08,0
M0791,2.3,0.73,102.7,0.45,767,3.019,0.826,4,indoor,C,93.44,1
M0792,8.79,1.61,118.87,0.35,2884,6.797,0.304,11,indoor,B,91.92,1
M0793,7.59,1.27,94.17,0.72,651,9.672,0.398,8,indoor,A,153.45,1
M0794,9.17,1.52,75.57,0.82,1244,9.2,0.317,2,indoor,A,64.37,1
M0795,0.27,0.56,86.22,0.32,1245,5.277,0.467,2,indoor,A,89.79,1
M0796,13.08,0.63,95.61,0.76,1301,8.054,0.286,0,harsh,A,103.78,1
M0797,13.98,1.57,64.38,0.67,911,1.79,0.962,17,indoor,A,103.06,0
M0798,8.48,0.61,97.34,0.37,2458,9.786,0.313,11,outdoor,B,164.13,1
M0799,10.45,0.61,118.87,0.42,806,9.661,0.098,8,indoor,B,146.33,1
M0800,13.84,0.52,71.41,0.7,2087,2.055,0.527,8,indoor,A,47.36,1
M0801,10.61,1.93,107.56,0.51,810,3.345,0.057,17,indoor,A,162.41,1
M0802,2.29,1.61,114.47,0.96,676,1.451,0.111,17,indoor,A,88.14,0
M0803,8.64,1.03,116.62,0.87,2774,3.081,0.219,6,outdoor,B,137.76,0
M0804,9.1,0.94,117.61,0.99,975,8.252,0.464,3,harsh,A,52.83,1
M0805,6.36,1.02,91.29,0.48,2553,4.094,0.433,12,indoor,A,112.94,1
M0806,11.05,1.66,118.64,0.98,1862,1.34,0.8,16,outdoor,C,62.91,1
M0807,14.02,1.49,105.44,0.6,695,3.751,0.739,1,outdoor,C,41.68,1
M0808,13.88,0.78,69.7,0.54,2889,9.823,0.426,13,harsh,A,20.11,1
M0809,6.76,0.76,88.61,0.34,1117,6.482,0.334,2,outdoor,B,65.59,0
M0810,1.7,0.65,103.1,0.34,2649,4.454,0.316,4,outdoor,A,132.82,1
M0811,14.77,1.49,74.84,0.78,922,2.082,0.774,13,outdoor,C,31.45,1
M0812,12.58,1.65,98.44,0.62,2635,9.869,0.052,2,harsh,B,67.24,1
M0813,1.87,0.9,100.0,0.46,533,8.298,0.013,6,indoor,A,124.66,1
M0814,13.81,0.53,69.76,0.73,1779,3.174,0.796,17,outdoor,B,75.62,1
M0815,13.05,0.62,93.91,0.48,2424,1.166,0.477,12,harsh,A,44.13,1
M0816,7.78,1.95,106.3,0.7,2837,1.038,0.131,9,outdoor,A,136.63,1
M0817,8.87,0.94,89.93,0.55,2773,1.644,0.236,12,outdoor,A,120.37,1
M0818,5.99,1.65,60.73,0.88,2549,6.017,0.933,15,outdoor,B,86.99,1
M0819,0.82,1.44,60.54,0.87,2720,9.323,0.86,8,indoor,A,95.76,0
M0820,5.03,1.07,81.42,0.63,998,5.219,0.71,1,outdoor,A,32.32,1
M0821,12.04,0.81,115.57,0.55,1210,8.508,0.482,4,outdoor,A,68.66,1
M0822,0.07,0.68,73.72,0.55,1222,4.736,0.52,16,outdoor,A,64.28,1
M0823,5.0,1.42,98.06,0.86,1443,7.232,0.975,3,outdoor,C,33.28,1
M0824,5.97,1.66,73.32,0.53,1483,7.453,0.966,16,harsh,A,85.77,1
M0825,8.06,1.47,79.3,0.45,1861,2.153,0.215,8,indoor,A,203.34,1
M0826,13.8,1.3,110.88,0.36,900,3.932,0.811,19,outdoor,B,65.52,1
M0827,5.2,0.56,103.73,0.63,2228,6.554,0.197,1,outdoor,C,34.4,1
M0828,5.2,1.95,65.72,0.64,919,1.172,0.214,17,outdoor,C,104.59,1
M0829,11.06,1.7,85.72,0.89,1276,3.935,0.676,20,indoor,B,108.49,0
M0830,6.78,0.94,61.75,0.45,1758,5.581,0.405,10,outdoor,A,61.69,0
M0831,3.37,1.97,88.85,0.57,2491,9.964,0.932,12,harsh,B,90.46,1
M0832,6.79,1.4,99.75,0.87,2349,5.008,0.089,7,outdoor,B,75.87,1
M0833,2.11,1.37,67.11,0.88,2114,8.253,0.512,0,harsh,A,89.61,1
M0834,2.65,1.62,77.33,0.57,889,4.605,0.919,16,harsh,C,27.19,1
M0835,7.48,1.72,83.87,0.62,1868,8.066,0.904,11,indoor,A,73.37,1
M0836,6.28,1.48,115.17,0.51,719,6.156,0.157,3,indoor,C,58.13,1
M0837,13.72,0.69,119.6,0.95,1443,8.923,0.367,20,harsh,C,44.28,1
M0838,5.44,1.01,62.69,0.38,1534,4.404,0.619,12,harsh,B,139.29,1
M0839,8.71,1.89,105.66,0.95,600,6.241,0.159,8,indoor,C,63.12,0
M0840,9.48,0.84,82.3,0.78,1185,6.485,0.968,6,indoor,B,40.0,1
M0841,0.2,1.06,83.55,0.67,2889,4.465,0.915,4,indoor,A,53.91,1
M0842,9.95,1.15,105.26,0.32,2884,1.871,0.167,4,harsh,B,43.83,1
M0843,2.67,1.16,115.11,0.63,1381,1.389,0.121,16,indoor,A,82.25,1
M0844,14.42,1.42,117.06,0.59,608,0.658,0.085,8,outdoor,A,72.82,0
M0845,2.23,1.91,94.63,0.41,948,8.799,0.909,5,harsh,B,67.47,0
M0846,6.22,0.86,81.43,0.76,1481,2.747,0.194,18,indoor,A,90.44,0
M0847,1.28,0.68,107.25,0.98,2869,2.509,0.416,15,outdoor,A,74.98,0
M0848,14.95,0.8,75.06,0.69,853,7.492,0.449,20,indoor,B,155.53,1
M0849,7.53,1.83,93.84,0.8,2409,3.54,0.599,1,harsh,C,45.26,1
M0850,8.93,1.47,81.51,0.35,772,5.307,0.072,9,indoor,A,61.84,1
M0851,1.01,0.93,99.4,0.59,2953,2.044,0.227,15,outdoor,A,102.57,1
M0852,11.25,1.72,74.42,0.38,1454,9.618,0.931,4,outdoor,A,79.99,1
M0853,3.15,1.79,71.5,0.73,2438,8.59,0.908,14,indoor,B,126.18,1
M0854,13.47,1.77,115.09,0.96,1356,8.706,0.781,12,indoor,A,48.3,1
M0855,3.08,1.88,66.11,0.76,2069,4.364,0.019,12,outdoor,B,71.8,1
M0856,2.86,0.88,90.36,0.35,980,7.742,0.327,12,indoor,A,89.56,1
M0857,0.55,1.63,73.25,0.55,865,1.867,0.628,14,harsh,A,183.39,0
M0858,7.08,1.19,62.34,0.69,2845,0.582,0.275,13,harsh,C,54.94,1
M0859,8.47,1.76,62.16,0.58,2794,0.69,0.91,7,outdoor,A,129.31,1
M0860,0.99,1.59,70.51,0.88,2719,6.073,0.634,10,outdoor,B,114.64,1
M0861,11.63,1.66,112.01,0.87,2064,4.826,0.072,17,outdoor,A,52.53,1
M0862,6.8,1.48,76.95,0.73,2521,5.421,0.909,3,harsh,B,60.56,1
M0863,7.87,0.77,117.03,0.56,673,0.571,0.958,9,outdoor,B,146.1,1
M0864,6.61,1.32,94.9,0.48,1337,4.516,0.078,0,indoor,A,93.72,1
M0865,6.01,1.98,86.2,0.37,1284,7.322,0.532,4,indoor,A,191.31,1
M0866,8.39,1.91,94.81,0.55,2089,4.706,0.303,12,outdoor,A,48.45,1
M0867,2.33,0.56,91.0,0.59,1390,7.456,0.393,0,outdoor,B,25.56,1
M0868,2.73,0.75,105.53,0.77,871,2.714,0.18,7,outdoor,C,128.59,1
M0869,12.93,0.7,76.95,0.76,1991,8.225,0.578,2,indoor,B,131.7,1
M0870,14.19,1.59,81.18,0.35,2536,6.09,0.958,2,outdoor,B,55.79,0
M0871,5.6,1.73,113.65,0.58,1455,2.502,0.503,6,indoor,A,123.31,1
M0872,4.06,0.82,116.79,0.43,831,2.749,0.083,3,indoor,A,175.72,0
M0873,9.66,1.26,113.55,0.41,992,6.466,0.62,2,outdoor,A,117.57,1
M0874,6.13,1.76,85.17,0.88,1094,8.384,0.34,14,indoor,A,75.89,0
M0875,0.38,1.6,106.82,0.33,1250,4.448,0.856,7,outdoor,A,96.22,1
M0876,2.34,1.31,88.58,0.59,2107,2.954,0.435,2,indoor,B,78.19,1
M0877,10.74,1.39,89.85,0.42,2002,8.737,0.193,6,outdoor,B,134.05,1
M0878,9.88,1.26,72.28,0.92,2240,6.858,0.191,17,outdoor,C,59.9,1
M0879,0.41,0.95,95.47,0.69,1406,4.757,0.769,10,indoor,A,117.71,1
M0880,3.33,1.35,71.17,0.46,2560,5.135,0.266,10,indoor,B,91.96,1
M0881,3.47,1.53,79.89,0.65,1010,2.44,0.767,16,harsh,C,66.1,1
M0882,10.08,1.81,111.3,0.81,1673,6.455,0.206,5,outdoor,B,61.91,1
M0883,0.3,1.45,72.42,0.97,2502,3.908,0.322,7,outdoor,A,25.22,1
M0884,1.56,1.64,64.27,0.45,950,9.959,0.465,0,indoor,A,175.99,1
M0885,12.0,0.74,64.14,0.92,775,5.062,0.943,9,outdoor,A,84.22,1
M0886,2.68,1.19,116.45,0.95,2709,5.116,0.932,18,outdoor,A,94.43,1
M0887,9.79,0.51,90.42,0.94,1357,5.876,0.207,2,outdoor,B,34.19,1
M0888,3.57,0.87,84.56,0.74,2210,9.209,0.358,3,outdoor,A,5.61,1
M0889,1.49,1.59,108.65,0.74,563,8.108,0.149,10,indoor,A,63.58,1
M0890,3.65,1.99,110.15,0.58,2225,4.786,0.51,14,indoor,B,115.57,1
M0891,10.83,0.65,79.93,0.83,1290,7.328,0.461,0,harsh,C,17.6,1
M0892,12.84,1.1,101.62,0.67,639,6.069,0.901,8,harsh,B,99.57,1
M0893,12.45,1.7,106.27,0.77,2025,5.177,0.93,10,indoor,B,45.65,1
M0894,5.96,0.81,99.28,0.6,1102,2.327,0.384,18,outdoor,A,59.26,1
M0895,10.02,1.33,69.1,0.81,1467,4.907,0.492,12,indoor,A,57.48,1
M0896,3.07,1.6,112.55,0.88,701,2.835,0.896,15,indoor,A,15.33,1
M0897,4.4,1.42,92.35,0.4,868,9.191,0.807,3,indoor,B,121.94,1
M0898,13.45,0.78,76.95,0.88,1245,3.686,0.004,0,indoor,C,128.06,1
M0899,0.2,1.03,85.51,0.68,724,9.547,0.32,19,outdoor,A,117.69,1
M0900,1.28,1.68,62.25,0.89,2777,5.564,0.422,12,outdoor,B,46.89,1
M0901,3.12,1.33,67.67,0.6,515,6.5,0.23,0,indoor,A,75.78,1
M0902,0.4,0.51,105.93,0.57,1710,5.658,0.2,4,indoor,B,90.96,1
M0903,2.72,1.64,60.0,0.94,808,1.729,0.038,4,harsh,A,132.88,0
M0904,8.75,0.55,84.99,0.48,1269,4.07,0.643,13,indoor,A,72.44,1
M0905,6.32,1.62,91.35,0.89,2815,1.442,0.263,13,outdoor,C,92.47,1
M0906,13.39,0.8,63.28,0.64,904,6.418,0.052,7,indoor,B,86.71,1
M0907,12.26,1.94,118.38,0.66,2915,4.745,0.231,3,outdoor,B,43.14,1
M0908,5.13,1.05,73.57,0.52,1014,7.891,0.802,6,indoor,A,70.58,0
M0909,3.89,0.99,78.25,0.7,2354,2.594,0.851,19,indoor,A,40.13,1
M0910,5.7,0.72,78.24,0.53,1867,2.063,0.483,18,indoor,A,165.1,0
M0911,8.85,0.96,73.82,0.33,2711,4.36,0.416,14,indoor,C,52.03,1
M0912,4.02,1.81,60.09,0.49,1885,9.303,0.978,3,outdoor,C,83.18,1
M0913,9.36,1.99,103.76,0.3,1836,7.249,0.201,18,outdoor,B,23.07,1
M0914,6.14,1.05,118.01,0.98,989,4.48,0.215,8,indoor,A,205.71,1
M0915,8.28,1.17,73.46,0.98,916,5.414,0.292,20,indoor,C,49.59,1
M0916,6.54,1.58,99.78,0.58,2791,1.3,0.173,12,outdoor,B,139.36,1
M0917,4.42,1.83,104.51,0.81,1320,9.853,0.379,13,outdoor,B,108.38,1
M0918,14.23,1.39,110.91,0.54,1430,6.831,0.911,13,harsh,A,125.0,1
M0919,11.45,1.09,85.36,0.77,2400,3.211,0.615,9,outdoor,B,72.59,1
M0920,2.1,1.12,78.18,0.86,1347,6.065,0.412,15,outdoor,B,123.31,1
M0921,13.03,1.54,79.52,0.96,2880,1.54,0.934,4,outdoor,C,47.62,1
M0922,7.31,0.5,102.76,0.58,2345,9.675,0.048,5,harsh,C,23.59,1
M0923,13.42,1.43,109.01,0.85,1994,2.16,0.21,1,harsh,A,51.76,1
M0924,12.0,1.03,70.9,0.49,2702,6.656,0.566,12,indoor,B,45.07,1
M0925,6.38,1.69,82.26,0.99,624,2.832,0.616,12,indoor,C,170.95,0
M0926,0.34,0.64,114.12,0.32,1143,7.317,0.04,18,indoor,A,43.88,1
M0927,4.03,1.38,108.4,0.72,1663,7.88,0.403,17,outdoor,A,95.13,1
M0928,8.12,1.22,119.09,0.76,1067,6.897,0.649,18,outdoor,A,96.86,1
M0929,9.5,1.46,105.25,0.78,2360,6.338,0.698,0,outdoor,B,66.18,1
M0930,3.87,0.6,83.59,0.38,2798,8.978,0.638,7,indoor,A,121.83,1
M0931,2.09,1.37,95.44,0.96,1559,1.247,0.321,15,outdoor,B,38.82,1
M0932,12.52,1.34,99.66,0.43,1355,3.644,0.094,1,harsh,A,64.41,1
M0933,14.77,1.34,64.71,0.74,2904,2.859,0.427,7,indoor,C,50.91,1
M0934,7.89,1.41,92.67,0.46,1612,9.886,0.129,5,outdoor,A,152.69,1
M0935,2.58,1.51,102.56,0.52,1723,4.199,0.948,15,outdoor,A,129.83,1
M0936,4.08,1.71,70.04,0.68,1379,7.46,0.475,10,harsh,B,122.15,0
M0937,0.28,0.9,106.84,0.59,2774,7.005,0.317,16,harsh,B,14.32,1
M0938,13.71,1.74,95.03,0.41,1922,2.515,0.766,18,outdoor,A,58.9,1
M0939,1.77,1.25,117.13,0.42,2405,2.77,0.498,10,outdoor,A,48.57,1
M0940,8.65,0.62,62.55,0.59,2530,3.172,0.31,7,harsh,A,9.33,1
M0941,4.11,0.59,75.92,0.83,1355,4.406,0.812,3,outdoor,B,53.05,1
M0942,8.31,1.0,96.09,0.93,1584,2.726,0.867,10,indoor,C,92.38,0
M0943,9.77,1.68,77.79,0.36,2621,0.687,0.673,7,outdoor,B,48.48,1
M0944,12.45,1.56,102.87,0.58,1408,8.854,0.047,8,indoor,B,78.08,1
M0945,3.1,1.68,105.54,0.37,2485,9.673,0.566,1,indoor,B,133.32,1
M0946,0.16,1.28,66.15,0.31,2852,3.745,0.763,15,harsh,A,105.77,1
M0947,2.05,1.16,90.83,0.76,2058,3.716,0.137,5,outdoor,C,57.81,1
M0948,13.5,0.72,90.53,0.72,2354,0.567,0.229,20,outdoor,C,59.44,1
M0949,13.11,0.99,82.16,0.41,2513,6.962,0.882,20,indoor,A,92.54,1
M0950,8.96,1.15,115.98,0.46,2613,8.342,0.02,18,indoor,A,48.4,1
M0951,9.01,0.63,109.65,0.32,1488,1.893,0.753,7,indoor,A,86.36,0
M0952,9.98,0.83,101.83,0.88,628,2.017,0.474,13,indoor,A,88.62,1
M0953,2.63,1.4,102.86,0.98,1505,8.006,0.447,15,outdoor,B,123.09,0
M0954,13.72,1.6,87.7,0.39,2184,6.355,0.007,11,indoor,B,118.42,1
M0955,6.28,2.0,115.26,0.46,1626,0.926,0.819,4,outdoor,C,69.63,1
M0956,5.75,1.9,101.68,0.91,2372,6.414,0.36,18,indoor,B,70.01,1
M0957,7.78,1.46,103.74,0.95,1392,3.435,0.541,17,harsh,B,35.45,1
M0958,0.7,1.13,111.7,0.59,2087,4.003,0.677,8,indoor,B,134.25,1
M0959,2.49,1.45,76.44,0.34,966,7.812,0.703,1,indoor,A,98.92,1
M0960,11.07,1.68,108.42,0.33,2373,8.204,0.956,19,indoor,A,53.16,1
M0961,1.24,0.68,71.71,0.7,1864,4.303,0.531,11,outdoor,B,53.01,1
M0962,9.05,1.11,80.72,0.58,1010,9.498,0.4,1,outdoor,A,39.6,1
M0963,3.68,1.76,80.14,0.32,1230,4.361,0.954,9,outdoor,A,135.62,1
M0964,5.84,1.08,118.71,0.71,2372,7.832,0.642,0,outdoor,C,31.98,1
M0965,4.33,1.36,111.39,0.31,1707,5.097,0.298,3,indoor,B,88.09,1
M0966,5.34,1.38,102.07,0.85,1040,9.027,0.126,11,outdoor,A,75.52,1
M0967,10.79,0.78,103.62,0.51,2918,9.124,0.843,8,outdoor,B,71.39,1
M0968,4.46,1.04,93.72,0.33,2288,1.33,0.362,3,indoor,C,51.96,0
M0969,8.5,1.0,116.83,0.71,2893,9.397,0.66,8,indoor,A,64.97,0
M0970,7.14,0.54,89.78,0.58,1568,8.343,0.471,5,indoor,A,89.63,1
M0971,9.96,0.54,82.83,0.98,1688,8.017,0.199,0,indoor,C,10.26,1
M0972,14.05,1.75,69.78,0.68,2745,2.409,0.602,9,outdoor,A,73.54,1
M0973,10.99,0.91,107.17,0.49,1813,8.149,0.061,13,indoor,A,106.96,1
M0974,3.22,1.28,104.07,0.8,2268,8.576,0.413,17,indoor,B,95.36,1
M0975,0.47,0.95,83.06,0.49,1130,3.247,0.547,5,indoor,C,109.99,1
M0976,3.93,1.91,61.51,0.93,1617,9.546,0.436,17,harsh,A,34.19,1
M0977,8.93,0.89,110.34,0.56,809,0.974,0.749,19,harsh,A,91.87,1
M0978,0.77,1.14,60.69,0.68,1015,1.924,0.828,15,indoor,A,77.91,1
M0979,7.45,1.81,102.22,0.34,502,5.607,0.771,14,indoor,C,107.17,1
M0980,8.95,1.76,118.22,0.6,598,5.97,0.039,15,indoor,A,74.23,1
M0981,5.01,0.78,86.26,0.88,2943,6.629,0.194,7,outdoor,B,100.09,1
M0982,11.56,1.7,74.1,0.86,1106,0.661,0.537,12,indoor,C,22.26,1
M0983,1.6,1.19,102.29,0.46,2158,9.623,0.935,10,outdoor,A,68.86,1
M0984,1.13,1.22,109.03,0.46,2598,0.924,0.835,6,outdoor,C,87.87,1
M0985,10.92,0.7,92.79,0.87,1877,1.859,0.843,16,harsh,C,32.16,1
M0986,7.43,0.62,118.02,0.95,883,0.633,0.303,17,indoor,C,130.85,1
M0987,10.33,1.59,63.1,0.37,2320,5.885,0.429,18,harsh,A,84.65,1
M0988,6.52,1.24,90.29,0.62,2001,9.357,0.471,12,outdoor,B,81.78,1
M0989,3.7,1.16,103.11,0.54,2328,6.826,0.157,14,indoor,C,60.11,1
M0990,12.29,1.59,111.76,0.91,2424,8.315,0.031,0,indoor,C,53.58,0
M0991,11.99,1.65,70.76,0.36,2939,0.626,0.947,15,indoor,A,57.76,0
M0992,10.42,0.74,108.0,0.45,1934,5.649,0.241,4,indoor,C,52.92,0
M0993,4.08,1.42,93.16,0.83,1354,4.866,0.24,2,indoor,A,88.62,0
M0994,8.85,0.7,83.79,0.34,2121,5.24,0.083,9,outdoor,A,80.88,1
M0995,5.41,1.63,67.9,0.64,671,1.186,0.929,18,outdoor,B,58.23,1
M0996,1.37,1.49,111.92,0.61,2743,7.002,0.58,4,harsh,C,25.42,1
M0997,13.76,1.93,69.44,0.53,798,5.281,0.667,6,indoor,B,7.92,1
M0998,2.05,0.6,78.59,0.58,1320,7.769,0.912,13,harsh,B,47.95,1
M0999,14.25,0.59,77.4,0.67,2539,5.11,0.346,2,indoor,C,97.76,1
M1000,6.69,0.92,112.28,0.41,1993,1.919,0.622,12,outdoor,A,133.79,1
